method,trial_key,mouse_id,genotype,trial_type,timepoint,analysis_window,duration_s,n_peaks,transient_freq_per_sec,transient_freq_per_min,mean_peak_amp_z,median_peak_amp_z,trial_SD,threshold_z,trial_duration_s,interaction_duration_s,outside_interaction_duration_s,n_interaction_bouts
static_trial_SD,Preinduction__ID533_NE__3CT_FP22_3__3CT_Preinduction_C3-Trial____24,533,NE,Novel,Preinduction,Interaction,13.83999999999999,2,0.14450867052023134,8.67052023121388,3.7794034598780426,3.7794034598780426,1.0183285883065416,2.036657176613083,299.8408640000016,13.83999999999999,286.0008640000016,3
static_trial_SD,W1__ID533_NE__3CT_FP24_3__3CT_W1_C3-Trial____28,533,NE,Novel,W1,Interaction,35.72000000000003,15,0.41993281075027966,25.19596864501678,3.68378016700741,3.5988497265179973,0.9758035640280444,1.9516071280560887,299.88041599999997,35.72000000000003,264.16041599999994,5
static_trial_SD,W2__ID533_NE__3CT_FP20_3__3CT_W2_C3-Trial____22,533,NE,Novel,W2,Interaction,47.28000000000003,15,0.31725888324873075,19.035532994923845,3.513067170504776,3.152686411540714,0.9449686998879144,1.8899373997758289,299.88038400000005,47.28000000000003,252.60038400000002,7
static_trial_SD,Preinduction__ID541_NE__3CT_FP25_3__3CT_Preinduction_C3-Trial____27,541,NE,Novel,Preinduction,Interaction,1.9199999999999875,1,0.5208333333333367,31.250000000000203,2.5333887229195375,2.5333887229195375,0.9217296324954481,1.8434592649908963,299.8407999999981,1.9199999999999875,297.92079999999817,1
static_trial_SD,W1__ID541_NE__3CT_FP28_3__3CT_W1_C3-Trial____33,541,NE,Novel,W1,Interaction,22.880000000000024,5,0.2185314685314683,13.111888111888097,2.390864016397978,2.0048527682792523,0.969382981985481,1.938765963970962,299.840064,22.880000000000024,276.960064,5
static_trial_SD,W2__ID541_NE__3CT_FP23_3__3CT_W2_C3-Trial____25,541,NE,Novel,W2,Interaction,10.400000000000006,5,0.4807692307692305,28.84615384615383,2.198062365576404,2.155945466652485,0.9180689000883018,1.8361378001766036,299.8800319999973,10.400000000000006,289.4800319999973,6
static_trial_SD,Preinduction__ID566_NE__3CT_FP9_3__3CT_Preinduction_C3-Trial____11,566,NE,Novel,Preinduction,Interaction,32.38,9,0.2779493514515133,16.676961087090795,3.5434643418364744,3.2927801799505887,1.0128442286461206,2.025688457292241,299.84031999999934,32.38,267.46031999999934,7
static_trial_SD,W1__ID566_NE__3CT_FP8_3__3CT_W1_C3-Trial____11,566,NE,Novel,W1,Interaction,29.159999999999997,5,0.1714677640603567,10.288065843621402,2.8506852947295647,2.7482056305117477,1.339188604637093,2.678377209274186,299.84019199999966,29.159999999999997,270.6801919999997,7
static_trial_SD,W2__ID566_NE__3CT_FP8_3__3CT_W2_C3-Trial____10,566,NE,Novel,W2,Interaction,87.8199999999999,21,0.2391254839444321,14.347529036665925,3.1887616324616435,3.1350501556534116,1.0711286433105076,2.142257286621015,299.84019199999966,87.8199999999999,212.02019199999978,14
static_trial_SD,Preinduction__ID580_NE__3CT_FP12_3__3CT_Preinduction_C3-Trial____14,580,NE,Novel,Preinduction,Interaction,17.679999999999993,7,0.3959276018099549,23.755656108597293,2.766069598964036,2.511454644533348,0.9332940640458557,1.8665881280917114,299.8399360000003,17.679999999999993,282.1599360000003,4
static_trial_SD,W1__ID580_NE__3CT_FP11_3__3CT_W1_C3-Trial____14,580,NE,Novel,W1,Interaction,22.060000000000002,6,0.2719854941069809,16.319129646418855,2.544910194117293,2.3241182602039103,0.9402802904629197,1.8805605809258394,299.88035200000013,22.060000000000002,277.8203520000001,4
static_trial_SD,W2__ID580_NE__3CT_FP11_3__3CT_W2_C3-Trial____13,580,NE,Novel,W2,Interaction,14.499999999999986,6,0.41379310344827624,24.827586206896576,2.720732368608896,2.5462885535978472,0.9803687552890183,1.9607375105780367,299.8403520000011,14.499999999999986,285.3403520000011,8
static_trial_SD,Preinduction__ID588_NE__3CT_FP2_3__3CT_Preinduction_C3-Trial_____4,588,NE,Novel,Preinduction,Interaction,16.706000000000017,1,0.059858733389201425,3.5915240033520854,2.7310203277884106,2.7310203277884106,0.9898831007600358,1.9797662015200717,299.8397759999998,16.706000000000017,283.1337759999998,4
static_trial_SD,W1__ID588_NE__3CT_FP2_3__3CT_W1_C3-Trial_____4,588,NE,Novel,W1,Interaction,21.220000000000027,9,0.4241281809613567,25.4476908576814,4.212408183799758,3.4842466416492077,0.9903497488333499,1.9806994976666998,299.8398400000001,21.220000000000027,278.61984000000007,6
static_trial_SD,W2__ID588_NE__3CT_FP2_3__3CT_W2_C3-Trial_____4,588,NE,Novel,W2,Interaction,42.03999999999998,18,0.42816365366317816,25.68981921979069,3.4240820512656054,3.257590037881629,0.9779287795038201,1.9558575590076401,299.88009599999987,42.03999999999998,257.8400959999999,7
static_trial_SD,Preinduction__ID590_NE__3CT_FP5_3__3CT_Preinduction_C3-Trial_____7,590,NE,Novel,Preinduction,Interaction,60.17999999999992,5,0.08308408109006325,4.985044865403795,2.518542895362726,2.4577070878058613,0.9396672176643066,1.8793344353286132,299.88022399999863,60.17999999999992,239.7002239999987,7
static_trial_SD,W2__ID590_NE__3CT_FP5_3__3CT_W2_C3-Trial_____7,590,NE,Novel,W2,Interaction,78.81999999999995,16,0.2029941639177875,12.179649835067249,2.686865407970208,2.6502352670550664,0.9584992811449683,1.9169985622899366,299.87993600000027,78.81999999999995,221.05993600000033,10
static_trial_SD,Preinduction__ID533_NE__3CT_FP22_3__3CT_Preinduction_C3-Trial____24,533,NE,Novel,Preinduction,Outside_interaction,286.0008640000016,19,0.06643336573976186,3.9860019443857113,3.2772947160159567,2.780949595194431,1.0183285883065416,2.036657176613083,299.8408640000016,13.83999999999999,286.0008640000016,3
static_trial_SD,W1__ID533_NE__3CT_FP24_3__3CT_W1_C3-Trial____28,533,NE,Novel,W1,Outside_interaction,264.16041599999994,12,0.045426942392458994,2.7256165435475395,2.94411559484071,2.7668725778201004,0.9758035640280444,1.9516071280560887,299.88041599999997,35.72000000000003,264.16041599999994,5
static_trial_SD,W2__ID533_NE__3CT_FP20_3__3CT_W2_C3-Trial____22,533,NE,Novel,W2,Outside_interaction,252.60038400000002,22,0.08709408771128392,5.225645262677035,2.680360962837085,2.5341785343927143,0.9449686998879144,1.8899373997758289,299.88038400000005,47.28000000000003,252.60038400000002,7
static_trial_SD,Preinduction__ID541_NE__3CT_FP25_3__3CT_Preinduction_C3-Trial____27,541,NE,Novel,Preinduction,Outside_interaction,297.92079999999817,37,0.1241940811114908,7.451644866689448,2.8401123696227035,2.5983658300844374,0.9217296324954481,1.8434592649908963,299.8407999999981,1.9199999999999875,297.92079999999817,1
static_trial_SD,W1__ID541_NE__3CT_FP28_3__3CT_W1_C3-Trial____33,541,NE,Novel,W1,Outside_interaction,276.960064,32,0.11554012350314882,6.9324074101889295,2.8200943157456235,2.5909496556055247,0.969382981985481,1.938765963970962,299.840064,22.880000000000024,276.960064,5
static_trial_SD,W2__ID541_NE__3CT_FP23_3__3CT_W2_C3-Trial____25,541,NE,Novel,W2,Outside_interaction,289.4800319999973,36,0.12436090928717437,7.461654557230462,2.7012068722381875,2.693794649351517,0.9180689000883018,1.8361378001766036,299.8800319999973,10.400000000000006,289.4800319999973,6
static_trial_SD,Preinduction__ID566_NE__3CT_FP9_3__3CT_Preinduction_C3-Trial____11,566,NE,Novel,Preinduction,Outside_interaction,267.46031999999934,29,0.10842729867368764,6.505637920421258,2.734190903044554,2.5617513419599174,1.0128442286461206,2.025688457292241,299.84031999999934,32.38,267.46031999999934,7
static_trial_SD,W1__ID566_NE__3CT_FP8_3__3CT_W1_C3-Trial____11,566,NE,Novel,W1,Outside_interaction,270.6801919999997,20,0.07388793340297328,4.433276004178397,3.400132848305786,3.217626780174055,1.339188604637093,2.678377209274186,299.84019199999966,29.159999999999997,270.6801919999997,7
static_trial_SD,W2__ID566_NE__3CT_FP8_3__3CT_W2_C3-Trial____10,566,NE,Novel,W2,Outside_interaction,212.02019199999978,20,0.094330638093187,5.65983828559122,2.8820036818811747,2.7222849852636215,1.0711286433105076,2.142257286621015,299.84019199999966,87.8199999999999,212.02019199999978,14
static_trial_SD,Preinduction__ID580_NE__3CT_FP12_3__3CT_Preinduction_C3-Trial____14,580,NE,Novel,Preinduction,Outside_interaction,282.1599360000003,27,0.09569041013675297,5.741424608205178,2.8250545573134977,2.719577805717847,0.9332940640458557,1.8665881280917114,299.8399360000003,17.679999999999993,282.1599360000003,4
static_trial_SD,W1__ID580_NE__3CT_FP11_3__3CT_W1_C3-Trial____14,580,NE,Novel,W1,Outside_interaction,277.8203520000001,31,0.11158289800165536,6.6949738800993215,2.9683876849600574,2.6964880276015917,0.9402802904629197,1.8805605809258394,299.88035200000013,22.060000000000002,277.8203520000001,4
static_trial_SD,W2__ID580_NE__3CT_FP11_3__3CT_W2_C3-Trial____13,580,NE,Novel,W2,Outside_interaction,285.3403520000011,35,0.12266053418199985,7.359632050919991,2.811681968556668,2.5576806923908117,0.9803687552890183,1.9607375105780367,299.8403520000011,14.499999999999986,285.3403520000011,8
static_trial_SD,Preinduction__ID588_NE__3CT_FP2_3__3CT_Preinduction_C3-Trial_____4,588,NE,Novel,Preinduction,Outside_interaction,283.1337759999998,37,0.13068027602612847,7.840816561567708,3.0621979900545666,2.9479785322901373,0.9898831007600358,1.9797662015200717,299.8397759999998,16.706000000000017,283.1337759999998,4
static_trial_SD,W1__ID588_NE__3CT_FP2_3__3CT_W1_C3-Trial_____4,588,NE,Novel,W1,Outside_interaction,278.61984000000007,24,0.08613887654231657,5.168332592538994,2.7188835725714795,2.618970868735469,0.9903497488333499,1.9806994976666998,299.8398400000001,21.220000000000027,278.61984000000007,6
static_trial_SD,W2__ID588_NE__3CT_FP2_3__3CT_W2_C3-Trial_____4,588,NE,Novel,W2,Outside_interaction,257.8400959999999,35,0.13574304595356657,8.144582757213994,2.595768236183358,2.4212668563719215,0.9779287795038201,1.9558575590076401,299.88009599999987,42.03999999999998,257.8400959999999,7
static_trial_SD,Preinduction__ID590_NE__3CT_FP5_3__3CT_Preinduction_C3-Trial_____7,590,NE,Novel,Preinduction,Outside_interaction,239.7002239999987,31,0.1293282062181142,7.7596923730868514,2.4838343252230763,2.186048394499993,0.9396672176643066,1.8793344353286132,299.88022399999863,60.17999999999992,239.7002239999987,7
static_trial_SD,W2__ID590_NE__3CT_FP5_3__3CT_W2_C3-Trial_____7,590,NE,Novel,W2,Outside_interaction,221.05993600000033,21,0.09499686094182154,5.699811656509293,2.4703372044873486,2.2798749904811615,0.9584992811449683,1.9169985622899366,299.87993600000027,78.81999999999995,221.05993600000033,10
static_trial_SD,Preinduction__ID533_NE__3CT_FP21_3__3CT_Preinduction_C3-Trial____23,533,NE,Social,Preinduction,Interaction,9.66,6,0.6211180124223602,37.26708074534161,4.1155744948259905,3.9812522342904564,0.9473259949399643,1.8946519898799286,299.84051199999885,9.66,290.1805119999988,2
static_trial_SD,W1__ID533_NE__3CT_FP23_3__3CT_W1_C3-Trial____27,533,NE,Social,W1,Interaction,34.84000000000003,15,0.4305396096440869,25.832376578645214,3.6314439981670925,3.60343498244408,1.0227270581417174,2.0454541162834348,299.84035199999926,34.84000000000003,265.0003519999992,8
static_trial_SD,W2__ID533_NE__3CT_FP19_3__3CT_W2_C3-Trial____21,533,NE,Social,W2,Interaction,76.04000000000002,16,0.2104155707522356,12.624934245134137,2.785304046282269,2.3938180106008597,0.887650926352291,1.775301852704582,299.84031999999934,76.04000000000002,223.80031999999932,8
static_trial_SD,Preinduction__ID541_NE__3CT_FP24_3__3CT_Preinduction_C3-Trial____26,541,NE,Social,Preinduction,Interaction,45.699999999999996,11,0.24070021881838077,14.442013129102847,2.718881016318038,2.3696781660830304,0.9511507701998765,1.902301540399753,299.84064000000217,45.699999999999996,254.14064000000218,10
static_trial_SD,W1__ID541_NE__3CT_FP26_3__3CT_W1_C3-Trial____31,541,NE,Social,W1,Interaction,49.92,14,0.28044871794871795,16.826923076923077,3.596382424397595,3.546121815209456,1.0079858740913026,2.015971748182605,299.88006400000086,49.92,249.96006400000084,8
static_trial_SD,W2__ID541_NE__3CT_FP22_3__3CT_W2_C3-Trial____24,541,NE,Social,W2,Interaction,42.18000000000001,14,0.3319108582266476,19.914651493598857,2.9733278853778833,2.6327040885060446,0.9738307175615976,1.9476614351231951,299.8799680000011,42.18000000000001,257.6999680000011,11
static_trial_SD,Preinduction__ID566_NE__3CT_FP8_3__3CT_Preinduction_C3-Trial____10,566,NE,Social,Preinduction,Interaction,104.59999999999994,28,0.26768642447418756,16.061185468451253,2.8508090087729374,2.5035078974635008,1.0073824625862298,2.0147649251724595,299.84003200000006,104.59999999999994,195.24003200000013,17
static_trial_SD,W1__ID566_NE__3CT_FP7_3__3CT_W1_C3-Trial____10,566,NE,Social,W1,Interaction,111.56,17,0.152384367156687,9.14306202940122,2.755143879710592,2.1633529123262267,0.9720366450238961,1.9440732900477922,299.840064,111.56,188.28006399999998,9
static_trial_SD,W2__ID566_NE__3CT_FP7_3__3CT_W2_C3-Trial_____9,566,NE,Social,W2,Interaction,87.96000000000001,15,0.1705320600272851,10.231923601637106,2.6207426133229657,2.384512172619413,0.9691093598599928,1.9382187197199856,299.8402239999996,87.96000000000001,211.88022399999957,7
static_trial_SD,Preinduction__ID580_NE__3CT_FP11_3__3CT_Preinduction_C3-Trial____13,580,NE,Social,Preinduction,Interaction,71.95999999999997,24,0.3335186214563648,20.011117287381886,2.8014958993535113,2.6054757597142695,0.9110980737500491,1.8221961475000983,299.84015999999974,71.95999999999997,227.88015999999976,9
static_trial_SD,W1__ID580_NE__3CT_FP10_3__3CT_W1_C3-Trial____13,580,NE,Social,W1,Interaction,55.93999999999998,21,0.375402216660708,22.52413299964248,2.675852906155597,2.5883343066785534,0.9345371880668973,1.8690743761337947,299.8402879999994,55.93999999999998,243.90028799999942,7
static_trial_SD,W2__ID580_NE__3CT_FP10_3__3CT_W2_C3-Trial____12,580,NE,Social,W2,Interaction,59.82000000000005,15,0.2507522567703107,15.045135406218643,2.785192936542528,2.5452684543099764,0.9344388021459245,1.868877604291849,299.84035199999926,59.82000000000005,240.0203519999992,10
static_trial_SD,Preinduction__ID588_NE__3CT_FP1_3__3CT_Preinduction_C3-Trial_____3,588,NE,Social,Preinduction,Interaction,26.509000000000015,9,0.33950733713078557,20.370440227847133,3.597860751028765,3.134324170699001,0.9190635134547634,1.838127026909527,299.8396480000001,26.509000000000015,273.3306480000001,3
static_trial_SD,W1__ID588_NE__3CT_FP1_3__3CT_W1_C3-Trial_____3,588,NE,Social,W1,Interaction,27.900000000000034,9,0.3225806451612899,19.354838709677395,3.211193438751829,3.1792834261287135,1.0028174980161895,2.005634996032379,299.83977600000026,27.900000000000034,271.9397760000002,4
static_trial_SD,W2__ID588_NE__3CT_FP1_3__3CT_W2_C3-Trial_____3,588,NE,Social,W2,Interaction,36.27999999999997,15,0.4134509371554579,24.807056229327472,3.436686818158211,3.066878001979112,0.9737589651911404,1.9475179303822807,299.8397439999999,36.27999999999997,263.5597439999999,5
static_trial_SD,Preinduction__ID590_NE__3CT_FP4_3__3CT_Preinduction_C3-Trial_____6,590,NE,Social,Preinduction,Interaction,48.55999999999992,11,0.22652388797364123,13.591433278418474,2.6571026138148452,2.1601014743556965,0.9264722304535247,1.8529444609070493,299.84012800000073,48.55999999999992,251.28012800000081,5
static_trial_SD,W1__ID590_NE__3CT_FP4_3__3CT_W1_C3-Trial_____6,590,NE,Social,W1,Interaction,117.38,24,0.20446413358323395,12.267848014994037,3.1523968454009528,2.9654210322501307,0.9397871877227012,1.8795743754454024,299.87993600000027,117.38,182.49993600000028,8
static_trial_SD,W2__ID590_NE__3CT_FP4_3__3CT_W2_C3-Trial_____6,590,NE,Social,W2,Interaction,56.80000000000001,18,0.31690140845070414,19.01408450704225,2.718541890279539,2.5616679580548753,0.9099494873200248,1.8198989746400496,299.83999999999924,56.80000000000001,243.03999999999922,6
static_trial_SD,Preinduction__ID533_NE__3CT_FP21_3__3CT_Preinduction_C3-Trial____23,533,NE,Social,Preinduction,Outside_interaction,290.1805119999988,14,0.04824583120178676,2.8947498721072056,2.6727117391004844,2.4206637559907334,0.9473259949399643,1.8946519898799286,299.84051199999885,9.66,290.1805119999988,2
static_trial_SD,W1__ID533_NE__3CT_FP23_3__3CT_W1_C3-Trial____27,533,NE,Social,W1,Outside_interaction,265.0003519999992,15,0.056603698398106445,3.396221903886387,2.5258921402379055,2.593558285439468,1.0227270581417174,2.0454541162834348,299.84035199999926,34.84000000000003,265.0003519999992,8
static_trial_SD,W2__ID533_NE__3CT_FP19_3__3CT_W2_C3-Trial____21,533,NE,Social,W2,Outside_interaction,223.80031999999932,15,0.06702403285214269,4.021441971128561,2.375089341127605,2.0824772928125417,0.887650926352291,1.775301852704582,299.84031999999934,76.04000000000002,223.80031999999932,8
static_trial_SD,Preinduction__ID541_NE__3CT_FP24_3__3CT_Preinduction_C3-Trial____26,541,NE,Social,Preinduction,Outside_interaction,254.14064000000218,31,0.12197970383642591,7.318782230185555,2.644464610037124,2.579833889237923,0.9511507701998765,1.902301540399753,299.84064000000217,45.699999999999996,254.14064000000218,10
static_trial_SD,W1__ID541_NE__3CT_FP26_3__3CT_W1_C3-Trial____31,541,NE,Social,W1,Outside_interaction,249.96006400000084,21,0.08401342063986642,5.040805238391985,2.5599815798098926,2.320175862126162,1.0079858740913026,2.015971748182605,299.88006400000086,49.92,249.96006400000084,8
static_trial_SD,W2__ID541_NE__3CT_FP22_3__3CT_W2_C3-Trial____24,541,NE,Social,W2,Outside_interaction,257.6999680000011,43,0.1668607114456445,10.01164268673867,2.4908069573434655,2.3133432364110504,0.9738307175615976,1.9476614351231951,299.8799680000011,42.18000000000001,257.6999680000011,11
static_trial_SD,Preinduction__ID566_NE__3CT_FP8_3__3CT_Preinduction_C3-Trial____10,566,NE,Social,Preinduction,Outside_interaction,195.24003200000013,9,0.046097103692341095,2.7658262215404656,2.4231394544881932,2.256479544157414,1.0073824625862298,2.0147649251724595,299.84003200000006,104.59999999999994,195.24003200000013,17
static_trial_SD,W1__ID566_NE__3CT_FP7_3__3CT_W1_C3-Trial____10,566,NE,Social,W1,Outside_interaction,188.28006399999998,12,0.06373484130534394,3.824090478320637,2.7173272753506894,2.4312605328084578,0.9720366450238961,1.9440732900477922,299.840064,111.56,188.28006399999998,9
static_trial_SD,W2__ID566_NE__3CT_FP7_3__3CT_W2_C3-Trial_____9,566,NE,Social,W2,Outside_interaction,211.88022399999957,20,0.09439295287888709,5.663577172733225,2.7978311071204525,2.4978717876755683,0.9691093598599928,1.9382187197199856,299.8402239999996,87.96000000000001,211.88022399999957,7
static_trial_SD,Preinduction__ID580_NE__3CT_FP11_3__3CT_Preinduction_C3-Trial____13,580,NE,Social,Preinduction,Outside_interaction,227.88015999999976,14,0.06143580029081959,3.686148017449175,2.54230546701477,2.345477978480064,0.9110980737500491,1.8221961475000983,299.84015999999974,71.95999999999997,227.88015999999976,9
static_trial_SD,W1__ID580_NE__3CT_FP10_3__3CT_W1_C3-Trial____13,580,NE,Social,W1,Outside_interaction,243.90028799999942,20,0.08200072318077807,4.9200433908466845,2.7921856148104247,2.4996422964721887,0.9345371880668973,1.8690743761337947,299.8402879999994,55.93999999999998,243.90028799999942,7
static_trial_SD,W2__ID580_NE__3CT_FP10_3__3CT_W2_C3-Trial____12,580,NE,Social,W2,Outside_interaction,240.0203519999992,29,0.12082308753551071,7.249385252130643,2.7800787416002346,2.618071390815759,0.9344388021459245,1.868877604291849,299.84035199999926,59.82000000000005,240.0203519999992,10
static_trial_SD,Preinduction__ID588_NE__3CT_FP1_3__3CT_Preinduction_C3-Trial_____3,588,NE,Social,Preinduction,Outside_interaction,273.3306480000001,28,0.10244003080108305,6.146401848064983,2.743983417033949,2.7064025649616523,0.9190635134547634,1.838127026909527,299.8396480000001,26.509000000000015,273.3306480000001,3
static_trial_SD,W1__ID588_NE__3CT_FP1_3__3CT_W1_C3-Trial_____3,588,NE,Social,W1,Outside_interaction,271.9397760000002,29,0.10664125868810004,6.398475521286002,2.8775771868068376,2.687866628325661,1.0028174980161895,2.005634996032379,299.83977600000026,27.900000000000034,271.9397760000002,4
static_trial_SD,W2__ID588_NE__3CT_FP1_3__3CT_W2_C3-Trial_____3,588,NE,Social,W2,Outside_interaction,263.5597439999999,34,0.12900300889653318,7.740180533791991,2.673478991519493,2.3297140810379577,0.9737589651911404,1.9475179303822807,299.8397439999999,36.27999999999997,263.5597439999999,5
static_trial_SD,Preinduction__ID590_NE__3CT_FP4_3__3CT_Preinduction_C3-Trial_____6,590,NE,Social,Preinduction,Outside_interaction,251.28012800000081,28,0.11142942429574021,6.685765457744413,2.4105520954594795,2.2384542746239093,0.9264722304535247,1.8529444609070493,299.84012800000073,48.55999999999992,251.28012800000081,5
static_trial_SD,W1__ID590_NE__3CT_FP4_3__3CT_W1_C3-Trial_____6,590,NE,Social,W1,Outside_interaction,182.49993600000028,6,0.03287672385813873,1.9726034314883238,2.2499256126991427,2.0798033332886323,0.9397871877227012,1.8795743754454024,299.87993600000027,117.38,182.49993600000028,8
static_trial_SD,W2__ID590_NE__3CT_FP4_3__3CT_W2_C3-Trial_____6,590,NE,Social,W2,Outside_interaction,243.03999999999922,11,0.04526003949967098,2.715602369980259,2.4998234144533935,2.201186352942065,0.9099494873200248,1.8198989746400496,299.83999999999924,56.80000000000001,243.03999999999922,6
