week,mouse_id,condition,behavior,duration_s,bin_index,bin_label,bout_onset_s
Preinduction,376,Social,Novel_interaction,0.7599999999993088,0,0.0-2.5min,76.15993600000002
Preinduction,376,Social,Novel_interaction,4.9999999999954525,1,2.5-5.0min,157.5598719999998
Preinduction,376,Social,Novel_interaction,0.5199999999995271,1,2.5-5.0min,253.51984000000039
Preinduction,376,Social,Social_interaction,15.559999999985848,0,0.0-2.5min,15.559968000000026
Preinduction,376,Social,Social_interaction,15.279999999986103,0,0.0-2.5min,32.83996799999977
Preinduction,376,Social,Social_interaction,1.1999999999989086,0,0.0-2.5min,50.79993599999989
Preinduction,376,Social,Social_interaction,7.439999999993233,0,0.0-2.5min,57.639936000000034
Preinduction,376,Social,Social_interaction,9.599999999991269,0,0.0-2.5min,90.1599040000001
Preinduction,376,Social,Social_interaction,2.3599999999978536,0,0.0-2.5min,114.51990399999977
Preinduction,376,Social,Social_interaction,6.399999999994179,1,2.5-5.0min,171.87987199999998
Preinduction,376,Social,Social_interaction,14.879999999986467,1,2.5-5.0min,207.35987199999954
Preinduction,376,Social,Social_interaction,4.9999999999954525,1,2.5-5.0min,226.0798719999998
Preinduction,376,Social,Social_interaction,2.31999999999789,1,2.5-5.0min,237.43987200000038
Preinduction,376,Social,Social_interaction,1.6399999999985084,1,2.5-5.0min,298.2798399999997
Preinduction,376,Novel,Novel_interaction,6.879999999993743,0,0.0-2.5min,34.159967999999935
Preinduction,376,Novel,Novel_interaction,6.95999999999367,0,0.0-2.5min,61.91996800000015
Preinduction,376,Novel,Novel_interaction,5.3199999999951615,0,0.0-2.5min,72.39996800000063
Preinduction,376,Novel,Novel_interaction,6.559999999994034,1,2.5-5.0min,200.8399040000004
Preinduction,376,Novel,Novel_interaction,4.959999999995489,1,2.5-5.0min,275.23977600000035
Preinduction,376,Novel,Social_interaction,3.2399999999970532,0,0.0-2.5min,22.279999999999745
Preinduction,376,Novel,Social_interaction,3.279999999997017,0,0.0-2.5min,109.39996800000063
Preinduction,376,Novel,Social_interaction,2.7999999999974534,0,0.0-2.5min,140.79993600000034
Preinduction,376,Novel,Social_interaction,2.31999999999789,1,2.5-5.0min,190.55990400000064
Preinduction,376,Novel,Social_interaction,1.479999999998654,1,2.5-5.0min,219.39987199999996
Preinduction,376,Novel,Social_interaction,2.8799999999973807,1,2.5-5.0min,296.99974400000065
Preinduction,372,Social,Novel_interaction,3.479999999996835,0,0.0-2.5min,9.199967999999899
Preinduction,372,Social,Novel_interaction,4.879999999995562,0,0.0-2.5min,52.9599360000002
Preinduction,372,Social,Novel_interaction,2.839999999997417,0,0.0-2.5min,116.23990400000002
Preinduction,372,Social,Novel_interaction,2.2399999999979627,0,0.0-2.5min,139.19987200000014
Preinduction,372,Social,Novel_interaction,1.9599999999982174,1,2.5-5.0min,199.03984000000037
Preinduction,372,Social,Social_interaction,3.799999999996544,0,0.0-2.5min,75.11993600000005
Preinduction,372,Social,Social_interaction,5.3199999999951615,1,2.5-5.0min,218.3198400000001
Preinduction,372,Social,Social_interaction,11.959999999989122,1,2.5-5.0min,226.1998080000003
Preinduction,372,Novel,Novel_interaction,2.119999999998072,0,0.0-2.5min,2.600000000000364
Preinduction,372,Novel,Novel_interaction,1.9199999999982538,0,0.0-2.5min,34.55996799999957
Preinduction,372,Novel,Novel_interaction,2.519999999997708,0,0.0-2.5min,45.07996800000001
Preinduction,372,Novel,Novel_interaction,1.479999999998654,0,0.0-2.5min,84.23990400000002
Preinduction,372,Novel,Novel_interaction,2.3599999999978536,0,0.0-2.5min,97.51990399999977
Preinduction,372,Novel,Novel_interaction,4.4799999999959255,0,0.0-2.5min,143.5598719999998
Preinduction,372,Novel,Novel_interaction,2.959999999997308,1,2.5-5.0min,208.55977600000006
Preinduction,372,Novel,Novel_interaction,11.959999999989122,1,2.5-5.0min,252.51974400000017
Preinduction,372,Novel,Novel_interaction,1.2399999999988722,1,2.5-5.0min,291.95967999999993
Preinduction,372,Novel,Social_interaction,1.8399999999983265,0,0.0-2.5min,59.919936000000234
Preinduction,372,Novel,Social_interaction,9.119999999991705,0,0.0-2.5min,109.91990400000032
Preinduction,372,Novel,Social_interaction,4.63999999999578,0,0.0-2.5min,121.51987199999985
Preinduction,372,Novel,Social_interaction,8.759999999992033,1,2.5-5.0min,167.23984000000019
Preinduction,372,Novel,Social_interaction,1.5999999999985448,1,2.5-5.0min,241.63977599999998
Preinduction,374,Social,Novel_interaction,1.6800000000366708,0,0.0-2.5min,99.43990399999893
Preinduction,374,Social,Novel_interaction,3.2400000000707223,1,2.5-5.0min,211.43980799999918
Preinduction,374,Social,Social_interaction,6.120000000133587,0,0.0-2.5min,3.319999999999709
Preinduction,374,Social,Social_interaction,4.080000000089058,0,0.0-2.5min,12.359967999998844
Preinduction,374,Social,Social_interaction,22.36000000048807,0,0.0-2.5min,21.359967999998844
Preinduction,374,Social,Social_interaction,20.000000000436557,0,0.0-2.5min,61.51993599999878
Preinduction,374,Social,Social_interaction,3.480000000075961,0,0.0-2.5min,140.03987199999938
Preinduction,374,Social,Social_interaction,8.240000000179862,1,2.5-5.0min,152.2398720000001
Preinduction,374,Social,Social_interaction,2.360000000051514,1,2.5-5.0min,164.3198400000001
Preinduction,374,Social,Social_interaction,3.4000000000742148,1,2.5-5.0min,228.5997759999991
Preinduction,374,Social,Social_interaction,2.5200000000550062,1,2.5-5.0min,235.67977599999904
Preinduction,374,Novel,Novel_interaction,2.480000000054133,0,0.0-2.5min,0.0
Preinduction,374,Novel,Novel_interaction,2.5200000000550062,0,0.0-2.5min,5.0
Preinduction,374,Novel,Novel_interaction,18.560000000405125,0,0.0-2.5min,29.359935999998925
Preinduction,374,Novel,Novel_interaction,1.3200000000288128,0,0.0-2.5min,142.91977599999882
Preinduction,374,Novel,Novel_interaction,11.760000000256696,1,2.5-5.0min,260.5196159999996
Preinduction,374,Novel,Novel_interaction,1.8400000000401633,1,2.5-5.0min,275.4795839999988
Preinduction,374,Novel,Social_interaction,3.3600000000733417,0,0.0-2.5min,71.15987200000018
Preinduction,374,Novel,Social_interaction,1.2400000000270666,0,0.0-2.5min,112.03980799999954
Preinduction,374,Novel,Social_interaction,3.800000000082946,1,2.5-5.0min,203.3196799999987
Preinduction,374,Novel,Social_interaction,0.7600000000165892,1,2.5-5.0min,210.4396799999995
Preinduction,374,Novel,Social_interaction,1.720000000037544,1,2.5-5.0min,221.55967999999848
Preinduction,429,Social,Novel_interaction,1.5200000000331784,0,0.0-2.5min,36.159999999999854
Preinduction,429,Social,Novel_interaction,0.8800000000192085,0,0.0-2.5min,134.63993599999958
Preinduction,429,Social,Novel_interaction,7.760000000169384,1,2.5-5.0min,189.5999359999987
Preinduction,429,Social,Novel_interaction,2.3200000000506407,1,2.5-5.0min,201.8399359999985
Preinduction,429,Social,Novel_interaction,1.9200000000419095,1,2.5-5.0min,287.07987200000025
Preinduction,429,Social,Social_interaction,4.160000000090804,0,0.0-2.5min,1.0
Preinduction,429,Social,Social_interaction,3.9600000000864384,0,0.0-2.5min,6.479999999999563
Preinduction,429,Social,Social_interaction,7.360000000160653,0,0.0-2.5min,13.399999999999636
Preinduction,429,Social,Social_interaction,4.640000000101281,0,0.0-2.5min,22.0
Preinduction,429,Social,Social_interaction,13.400000000292493,0,0.0-2.5min,51.31999999999971
Preinduction,429,Social,Social_interaction,6.560000000143191,0,0.0-2.5min,72.79996799999935
Preinduction,429,Social,Social_interaction,10.000000000218279,0,0.0-2.5min,81.11996799999906
Preinduction,429,Social,Social_interaction,16.400000000357977,0,0.0-2.5min,147.03993599999922
Preinduction,429,Social,Social_interaction,3.6400000000794535,1,2.5-5.0min,164.7199359999995
Preinduction,429,Social,Social_interaction,6.0800000001327135,1,2.5-5.0min,227.1599040000001
Preinduction,429,Novel,Novel_interaction,4.760000000103901,0,0.0-2.5min,8.280000000000655
Preinduction,429,Novel,Novel_interaction,0.9200000000200816,0,0.0-2.5min,15.680000000000291
Preinduction,429,Novel,Novel_interaction,5.160000000112632,0,0.0-2.5min,27.31999999999971
Preinduction,429,Novel,Novel_interaction,6.120000000133587,0,0.0-2.5min,60.55996799999957
Preinduction,429,Novel,Novel_interaction,2.6400000000576256,0,0.0-2.5min,70.51996800000052
Preinduction,429,Novel,Novel_interaction,0.8000000000174623,0,0.0-2.5min,100.07996800000001
Preinduction,429,Novel,Novel_interaction,2.2000000000480213,1,2.5-5.0min,168.4799039999998
Preinduction,429,Novel,Novel_interaction,4.280000000093423,1,2.5-5.0min,174.99987200000032
Preinduction,429,Novel,Novel_interaction,4.760000000103901,1,2.5-5.0min,186.51987200000076
Preinduction,429,Novel,Novel_interaction,1.5200000000331784,1,2.5-5.0min,212.83984000000055
Preinduction,429,Novel,Novel_interaction,1.1200000000244472,1,2.5-5.0min,218.07984000000033
Preinduction,429,Novel,Novel_interaction,17.240000000376313,1,2.5-5.0min,220.23984000000019
Preinduction,429,Novel,Novel_interaction,3.800000000082946,1,2.5-5.0min,282.5997759999991
Preinduction,429,Novel,Social_interaction,5.7600000001257285,0,0.0-2.5min,42.0
Preinduction,429,Novel,Social_interaction,6.16000000013446,0,0.0-2.5min,78.7599680000003
Preinduction,429,Novel,Social_interaction,3.3600000000733417,0,0.0-2.5min,86.79996799999935
Preinduction,429,Novel,Social_interaction,4.24000000009255,1,2.5-5.0min,252.43980799999918
Preinduction,429,Novel,Social_interaction,1.3200000000288128,1,2.5-5.0min,258.3998080000001
Preinduction,423,Social,Novel_interaction,2.040000000044529,0,0.0-2.5min,149.8000639999991
Preinduction,423,Social,Novel_interaction,2.040000000044529,1,2.5-5.0min,155.0400640000007
Preinduction,423,Social,Novel_interaction,3.0000000000654836,1,2.5-5.0min,158.36006400000042
Preinduction,423,Social,Social_interaction,10.28000000022439,0,0.0-2.5min,15.200000000000728
Preinduction,423,Social,Social_interaction,5.200000000113505,0,0.0-2.5min,28.44003200000043
Preinduction,423,Social,Social_interaction,15.16000000033091,0,0.0-2.5min,44.44003200000043
Preinduction,423,Social,Social_interaction,5.800000000126602,0,0.0-2.5min,73.88006399999904
Preinduction,423,Social,Social_interaction,19.40000000042346,0,0.0-2.5min,100.04006400000071
Preinduction,423,Social,Social_interaction,2.3200000000506407,1,2.5-5.0min,216.24006399999962
Preinduction,423,Social,Social_interaction,0.6000000000130967,1,2.5-5.0min,227.12003200000072
Preinduction,423,Social,Social_interaction,2.2400000000488944,1,2.5-5.0min,233.08003199999985
Preinduction,423,Social,Social_interaction,1.6800000000366708,1,2.5-5.0min,249.07999999999993
Preinduction,423,Social,Social_interaction,2.400000000052387,1,2.5-5.0min,268.47999999999956
Preinduction,423,Social,Social_interaction,6.280000000137079,1,2.5-5.0min,275.28000000000065
Preinduction,423,Social,Social_interaction,2.080000000045402,1,2.5-5.0min,283.0799999999999
Preinduction,423,Social,Social_interaction,4.160000000090804,1,2.5-5.0min,295.7600000000002
Preinduction,423,Novel,Social_interaction,1.4400000000314321,0,0.0-2.5min,21.160031999999774
Preinduction,423,Novel,Social_interaction,3.120000000068103,0,0.0-2.5min,55.64003199999934
Preinduction,423,Novel,Social_interaction,12.240000000267173,1,2.5-5.0min,274.88019200000053
Preinduction,584,Hab,Novel_interaction,2.400000000052387,1,2.5-5.0min,158.0402240000003
Preinduction,584,Hab,Novel_interaction,2.040000000044529,1,2.5-5.0min,161.1602239999993
Preinduction,584,Hab,Novel_interaction,3.6800000000803266,1,2.5-5.0min,165.60025599999972
Preinduction,584,Hab,Novel_interaction,0.040000000000873115,1,2.5-5.0min,210.00028799999927
Preinduction,584,Hab,Novel_interaction,2.6800000000584987,1,2.5-5.0min,210.16028799999913
Preinduction,584,Hab,Novel_interaction,0.8800000000192085,1,2.5-5.0min,216.8803200000002
Preinduction,584,Hab,Novel_interaction,5.440000000118744,1,2.5-5.0min,239.52031999999963
Preinduction,584,Hab,Novel_interaction,0.40000000000873115,1,2.5-5.0min,247.40031999999883
Preinduction,584,Hab,Social_interaction,2.8800000000628643,0,0.0-2.5min,16.520032000000356
Preinduction,584,Hab,Social_interaction,5.7600000001257285,0,0.0-2.5min,99.28016000000025
Preinduction,584,Hab,Social_interaction,2.6000000000567525,0,0.0-2.5min,105.72015999999894
Preinduction,584,Hab,Social_interaction,3.800000000082946,0,0.0-2.5min,134.96019199999864
Preinduction,584,Social,Novel_interaction,3.3200000000724685,0,0.0-2.5min,8.1200000000008
Preinduction,584,Social,Novel_interaction,1.2400000000270666,0,0.0-2.5min,14.400000000001455
Preinduction,584,Social,Novel_interaction,0.5200000000113505,0,0.0-2.5min,19.31999999999971
Preinduction,584,Social,Novel_interaction,4.480000000097789,1,2.5-5.0min,242.99996800000008
Preinduction,584,Social,Social_interaction,15.080000000329164,0,0.0-2.5min,37.52000000000044
Preinduction,584,Social,Social_interaction,4.120000000089931,0,0.0-2.5min,56.11996800000088
Preinduction,584,Social,Social_interaction,2.120000000046275,0,0.0-2.5min,68.95996800000103
Preinduction,584,Social,Social_interaction,3.0400000000663567,0,0.0-2.5min,71.7599680000003
Preinduction,584,Social,Social_interaction,1.2400000000270666,0,0.0-2.5min,76.99996800000008
Preinduction,584,Social,Social_interaction,10.28000000022439,0,0.0-2.5min,82.27996800000074
Preinduction,584,Social,Social_interaction,3.6800000000803266,0,0.0-2.5min,96.03996800000095
Preinduction,584,Social,Social_interaction,3.760000000082073,0,0.0-2.5min,102.67996800000037
Preinduction,584,Social,Social_interaction,18.200000000397267,0,0.0-2.5min,118.19996800000081
Preinduction,584,Social,Social_interaction,12.480000000272412,1,2.5-5.0min,154.95996800000103
Preinduction,584,Social,Social_interaction,4.640000000101281,1,2.5-5.0min,177.63996800000132
Preinduction,584,Social,Social_interaction,8.720000000190339,1,2.5-5.0min,185.23996799999986
Preinduction,584,Social,Social_interaction,3.6000000000785803,1,2.5-5.0min,204.1999680000008
Preinduction,584,Novel,Novel_interaction,3.5600000000777072,0,0.0-2.5min,6.199968000000808
Preinduction,584,Novel,Novel_interaction,4.920000000107393,0,0.0-2.5min,93.71996800000124
Preinduction,584,Novel,Novel_interaction,1.0000000000218279,0,0.0-2.5min,114.55996800000139
Preinduction,584,Novel,Novel_interaction,7.680000000167638,0,0.0-2.5min,117.71996800000124
Preinduction,584,Novel,Novel_interaction,9.480000000206928,1,2.5-5.0min,226.40003200000137
Preinduction,584,Novel,Novel_interaction,2.080000000045402,1,2.5-5.0min,243.00006399999984
Preinduction,584,Novel,Novel_interaction,2.120000000046275,1,2.5-5.0min,253.0400640000007
Preinduction,584,Novel,Novel_interaction,8.640000000188593,1,2.5-5.0min,271.60009600000194
Preinduction,584,Novel,Novel_interaction,2.160000000047148,1,2.5-5.0min,283.04012800000055
Preinduction,584,Novel,Novel_interaction,0.8000000000174623,1,2.5-5.0min,285.92012800000157
Preinduction,584,Novel,Novel_interaction,2.080000000045402,1,2.5-5.0min,290.8801280000007
Preinduction,584,Novel,Social_interaction,1.6400000000357977,0,0.0-2.5min,36.839968000000226
Preinduction,584,Novel,Social_interaction,4.600000000100408,0,0.0-2.5min,54.75996800000212
Preinduction,584,Novel,Social_interaction,4.440000000096916,0,0.0-2.5min,143.59996800000226
Preinduction,584,Novel,Social_interaction,4.760000000103901,1,2.5-5.0min,152.2400000000016
Preinduction,584,Novel,Social_interaction,3.3600000000733417,1,2.5-5.0min,159.15999999999985
Preinduction,450,Hab,Novel_interaction,3.2400000000707223,0,0.0-2.5min,66.76006400000188
Preinduction,450,Hab,Novel_interaction,2.400000000052387,0,0.0-2.5min,71.8400959999999
Preinduction,450,Hab,Novel_interaction,5.480000000119617,1,2.5-5.0min,172.92009600000165
Preinduction,450,Hab,Social_interaction,2.6400000000576256,0,0.0-2.5min,36.48003200000312
Preinduction,450,Hab,Social_interaction,0.7200000000157161,0,0.0-2.5min,40.640032000002975
Preinduction,450,Hab,Social_interaction,3.0400000000663567,0,0.0-2.5min,82.8400959999999
Preinduction,450,Hab,Social_interaction,0.7600000000165892,0,0.0-2.5min,99.24009600000136
Preinduction,450,Hab,Social_interaction,2.2800000000497676,0,0.0-2.5min,119.60009600000194
Preinduction,450,Social,Novel_interaction,4.920000000107393,0,0.0-2.5min,94.44003199999861
Preinduction,450,Social,Novel_interaction,5.120000000111759,1,2.5-5.0min,202.8400959999999
Preinduction,450,Social,Novel_interaction,1.2000000000261934,1,2.5-5.0min,209.36009600000034
Preinduction,450,Social,Novel_interaction,3.3200000000724685,1,2.5-5.0min,211.8400959999999
Preinduction,450,Social,Novel_interaction,1.8000000000392902,1,2.5-5.0min,221.04012800000055
Preinduction,450,Social,Social_interaction,14.160000000309083,0,0.0-2.5min,17.0
Preinduction,450,Social,Social_interaction,2.9200000000637374,0,0.0-2.5min,36.160031999999774
Preinduction,450,Social,Social_interaction,5.680000000123982,0,0.0-2.5min,39.8800319999973
Preinduction,450,Social,Social_interaction,1.8400000000401633,0,0.0-2.5min,52.64003199999934
Preinduction,450,Social,Social_interaction,11.080000000241853,0,0.0-2.5min,61.80003199999919
Preinduction,450,Social,Social_interaction,2.8800000000628643,0,0.0-2.5min,74.00003199999992
Preinduction,450,Social,Social_interaction,7.360000000160653,0,0.0-2.5min,135.20006400000057
Preinduction,450,Social,Social_interaction,4.160000000090804,0,0.0-2.5min,146.5600639999975
Preinduction,450,Social,Social_interaction,4.800000000104774,1,2.5-5.0min,158.64006399999926
Preinduction,450,Social,Social_interaction,3.0400000000663567,1,2.5-5.0min,164.72006399999736
Preinduction,450,Social,Social_interaction,1.3200000000288128,1,2.5-5.0min,240.56012799999735
Preinduction,450,Social,Social_interaction,9.160000000199943,1,2.5-5.0min,242.7201279999972
Preinduction,450,Social,Social_interaction,3.0000000000654836,1,2.5-5.0min,296.88019200000053
Preinduction,450,Novel,Novel_interaction,3.440000000075088,0,0.0-2.5min,22.880064000000857
Preinduction,450,Novel,Novel_interaction,8.60000000018772,0,0.0-2.5min,71.52019199999995
Preinduction,450,Novel,Novel_interaction,0.7200000000157161,1,2.5-5.0min,188.00038399999903
Preinduction,450,Novel,Novel_interaction,2.2800000000497676,1,2.5-5.0min,270.76054400000066
Preinduction,450,Novel,Novel_interaction,0.8800000000192085,1,2.5-5.0min,279.6005440000008
Preinduction,450,Novel,Social_interaction,1.0000000000218279,1,2.5-5.0min,161.64035199999853
Preinduction,450,Novel,Social_interaction,2.0000000000436557,1,2.5-5.0min,168.72035200000028
Preinduction,450,Novel,Social_interaction,4.800000000104774,1,2.5-5.0min,215.72044800000003
Preinduction,597,Hab,Social_interaction,3.160000000068976,0,0.0-2.5min,62.120128000002296
Preinduction,597,Hab,Social_interaction,3.160000000068976,1,2.5-5.0min,153.96035200000188
Preinduction,597,Hab,Social_interaction,7.640000000166765,1,2.5-5.0min,259.1206720000009
Preinduction,597,Hab,Social_interaction,1.2800000000279397,1,2.5-5.0min,267.6407040000013
Preinduction,597,Hab,Social_interaction,7.600000000165892,1,2.5-5.0min,270.840704000002
Preinduction,597,Hab,Social_interaction,9.00000000019645,1,2.5-5.0min,281.5207360000022
Preinduction,597,Social,Social_interaction,13.280000000289874,0,0.0-2.5min,24.000095999999758
Preinduction,597,Social,Social_interaction,4.120000000089931,0,0.0-2.5min,46.72016000000076
Preinduction,597,Social,Social_interaction,1.080000000023574,0,0.0-2.5min,56.08022400000118
Preinduction,597,Social,Social_interaction,4.400000000096043,0,0.0-2.5min,88.32032000000254
Preinduction,597,Social,Social_interaction,5.640000000123109,0,0.0-2.5min,93.68035200000304
Preinduction,597,Social,Social_interaction,6.400000000139698,0,0.0-2.5min,100.44038400000136
Preinduction,597,Social,Social_interaction,6.520000000142318,0,0.0-2.5min,109.32038400000238
Preinduction,597,Social,Social_interaction,1.9600000000427826,0,0.0-2.5min,125.64044800000192
Preinduction,597,Social,Social_interaction,9.12000000019907,0,0.0-2.5min,128.3604480000031
Preinduction,597,Social,Social_interaction,0.6400000000139698,0,0.0-2.5min,139.72047999999995
Preinduction,597,Social,Social_interaction,0.5200000000113505,0,0.0-2.5min,141.9205120000006
Preinduction,597,Social,Social_interaction,6.0800000001327135,0,0.0-2.5min,148.8405440000024
Preinduction,597,Social,Social_interaction,2.44000000005326,1,2.5-5.0min,155.92057600000044
Preinduction,597,Social,Social_interaction,2.160000000047148,1,2.5-5.0min,190.28067200000078
Preinduction,597,Social,Social_interaction,6.840000000149303,1,2.5-5.0min,234.40080000000307
Preinduction,597,Social,Social_interaction,14.64000000031956,1,2.5-5.0min,244.28080000000045
Preinduction,597,Social,Social_interaction,1.720000000037544,1,2.5-5.0min,298.16092800000115
Preinduction,597,Novel,Novel_interaction,5.680000000123982,0,0.0-2.5min,1.360000000000582
Preinduction,597,Novel,Novel_interaction,0.5200000000113505,0,0.0-2.5min,28.28009600000223
Preinduction,597,Novel,Novel_interaction,6.880000000150176,0,0.0-2.5min,50.92019200000141
Preinduction,597,Novel,Novel_interaction,2.2800000000497676,0,0.0-2.5min,59.52022399999987
Preinduction,597,Novel,Novel_interaction,1.9600000000427826,0,0.0-2.5min,121.92038400000092
Preinduction,597,Novel,Social_interaction,3.0400000000663567,0,0.0-2.5min,76.28025600000183
Preinduction,597,Novel,Social_interaction,6.8000000001484295,0,0.0-2.5min,103.3603519999997
Preinduction,597,Novel,Social_interaction,2.360000000051514,1,2.5-5.0min,188.24054400000023
Preinduction,597,Novel,Social_interaction,12.480000000272412,1,2.5-5.0min,272.0807999999997
Preinduction,463,Social,Novel_interaction,3.4000000000742148,0,0.0-2.5min,36.95999999999913
Preinduction,463,Social,Novel_interaction,6.200000000135333,0,0.0-2.5min,42.840032000000065
Preinduction,463,Social,Novel_interaction,10.240000000223517,1,2.5-5.0min,216.51996800000052
Preinduction,463,Social,Novel_interaction,4.200000000091677,1,2.5-5.0min,281.7199039999996
Preinduction,463,Social,Novel_interaction,4.200000000091677,1,2.5-5.0min,293.9198720000004
Preinduction,463,Social,Social_interaction,19.160000000418222,0,0.0-2.5min,102.6399679999995
Preinduction,463,Social,Social_interaction,18.080000000394648,1,2.5-5.0min,154.83996800000023
Preinduction,463,Social,Social_interaction,2.3200000000506407,1,2.5-5.0min,173.83996800000023
Preinduction,463,Social,Social_interaction,5.560000000121363,1,2.5-5.0min,184.23996799999986
Preinduction,463,Novel,Novel_interaction,3.08000000006723,0,0.0-2.5min,47.839968000000226
Preinduction,463,Novel,Novel_interaction,4.480000000097789,0,0.0-2.5min,90.71990399999959
Preinduction,463,Novel,Novel_interaction,3.9600000000864384,0,0.0-2.5min,134.19990400000097
Preinduction,463,Novel,Novel_interaction,4.800000000104774,1,2.5-5.0min,226.19987200000105
Preinduction,463,Novel,Social_interaction,0.7600000000165892,0,0.0-2.5min,0.8000000000010914
Preinduction,463,Novel,Social_interaction,0.9600000000209548,0,0.0-2.5min,3.7600000000002183
Preinduction,463,Novel,Social_interaction,6.04000000013184,0,0.0-2.5min,8.280000000000655
Preinduction,463,Novel,Social_interaction,3.160000000068976,0,0.0-2.5min,17.480000000001382
Preinduction,463,Novel,Social_interaction,1.1200000000244472,0,0.0-2.5min,20.80000000000109
Preinduction,463,Novel,Social_interaction,6.560000000143191,0,0.0-2.5min,105.83990400000039
Preinduction,463,Novel,Social_interaction,20.000000000436557,1,2.5-5.0min,159.7998719999996
Preinduction,463,Novel,Social_interaction,2.6800000000584987,1,2.5-5.0min,182.31987200000003
Preinduction,463,Novel,Social_interaction,4.080000000089058,1,2.5-5.0min,286.91980800000056
Preinduction,463,Novel,Social_interaction,2.080000000045402,1,2.5-5.0min,292.559808
Preinduction,463,Novel,Social_interaction,2.360000000051514,1,2.5-5.0min,297.519776000001
Preinduction,459,Social,Novel_interaction,3.760000000082073,0,0.0-2.5min,61.799935999999434
Preinduction,459,Social,Novel_interaction,1.040000000022701,0,0.0-2.5min,68.95993599999929
Preinduction,459,Social,Novel_interaction,1.5600000000340515,0,0.0-2.5min,148.07990400000017
Preinduction,459,Social,Novel_interaction,4.800000000104774,1,2.5-5.0min,254.39980800000012
Preinduction,459,Social,Novel_interaction,3.6400000000794535,1,2.5-5.0min,262.6398079999999
Preinduction,459,Social,Social_interaction,14.76000000032218,0,0.0-2.5min,12.199968000000808
Preinduction,459,Social,Social_interaction,3.3200000000724685,0,0.0-2.5min,32.159967999999935
Preinduction,459,Social,Social_interaction,0.6000000000130967,0,0.0-2.5min,36.87996799999928
Preinduction,459,Social,Social_interaction,1.1200000000244472,0,0.0-2.5min,77.95993599999929
Preinduction,459,Social,Social_interaction,0.680000000014843,0,0.0-2.5min,80.47993599999973
Preinduction,459,Social,Social_interaction,11.720000000255823,0,0.0-2.5min,101.63993599999958
Preinduction,459,Social,Social_interaction,1.4400000000314321,1,2.5-5.0min,214.3198400000001
Preinduction,459,Novel,Novel_interaction,2.2000000000480213,0,0.0-2.5min,15.040000000000873
Preinduction,459,Novel,Novel_interaction,11.240000000245345,0,0.0-2.5min,78.28000000000065
Preinduction,459,Novel,Social_interaction,0.36000000000785803,0,0.0-2.5min,2.5200000000004366
Preinduction,459,Novel,Social_interaction,3.2800000000715954,0,0.0-2.5min,49.960000000000946
Preinduction,459,Novel,Social_interaction,6.640000000144937,0,0.0-2.5min,54.88000000000102
Preinduction,459,Novel,Social_interaction,2.6800000000584987,0,0.0-2.5min,66.39999999999964
Preinduction,459,Novel,Social_interaction,20.600000000449654,1,2.5-5.0min,273.9998400000004
Preinduction,459,Novel,Social_interaction,3.9200000000855653,1,2.5-5.0min,295.9998080000005
Preinduction,398,Social,Social_interaction,9.160000000199943,0,0.0-2.5min,96.52012800000011
Preinduction,398,Social,Social_interaction,2.5600000000558794,0,0.0-2.5min,117.20016000000032
Preinduction,398,Social,Social_interaction,0.4800000000104774,0,0.0-2.5min,131.28016000000025
Preinduction,398,Social,Social_interaction,6.400000000139698,1,2.5-5.0min,247.72032000000036
Preinduction,398,Social,Social_interaction,3.120000000068103,1,2.5-5.0min,274.32035200000064
Preinduction,398,Novel,Novel_interaction,16.640000000363216,0,0.0-2.5min,121.20006399999875
Preinduction,398,Novel,Social_interaction,2.040000000044529,1,2.5-5.0min,254.00006399999984
Preinduction,400,Social,Novel_interaction,3.5600000000777072,0,0.0-2.5min,71.59984000000259
Preinduction,400,Social,Novel_interaction,11.600000000253203,0,0.0-2.5min,135.91974400000254
Preinduction,400,Social,Novel_interaction,1.760000000038417,1,2.5-5.0min,151.5997120000029
Preinduction,400,Social,Novel_interaction,12.880000000281143,1,2.5-5.0min,206.83961600000112
Preinduction,400,Social,Social_interaction,12.880000000281143,0,0.0-2.5min,24.959936000002926
Preinduction,400,Social,Social_interaction,5.440000000118744,0,0.0-2.5min,52.71987200000149
Preinduction,400,Social,Social_interaction,1.9200000000419095,0,0.0-2.5min,62.07984000000215
Preinduction,400,Social,Social_interaction,12.640000000275904,0,0.0-2.5min,84.63983999999982
Preinduction,400,Social,Social_interaction,2.6400000000576256,0,0.0-2.5min,116.31977600000027
Preinduction,400,Social,Social_interaction,11.200000000244472,1,2.5-5.0min,233.3995520000026
Preinduction,400,Social,Social_interaction,0.40000000000873115,1,2.5-5.0min,247.27952000000005
Preinduction,400,Social,Social_interaction,3.0000000000654836,1,2.5-5.0min,248.95952000000034
Preinduction,400,Novel,Novel_interaction,6.16000000013446,0,0.0-2.5min,75.51980800000092
Preinduction,400,Novel,Novel_interaction,2.760000000060245,0,0.0-2.5min,91.5598080000018
Preinduction,400,Novel,Novel_interaction,2.0000000000436557,0,0.0-2.5min,95.15977600000042
Preinduction,400,Novel,Novel_interaction,2.400000000052387,0,0.0-2.5min,101.63977599999998
Preinduction,400,Novel,Novel_interaction,1.2000000000261934,0,0.0-2.5min,131.51974400000108
Preinduction,400,Novel,Novel_interaction,1.6000000000349246,1,2.5-5.0min,159.07971200000247
Preinduction,400,Novel,Novel_interaction,5.600000000122236,1,2.5-5.0min,183.19968000000154
Preinduction,400,Novel,Novel_interaction,4.24000000009255,1,2.5-5.0min,193.43964800000322
Preinduction,400,Novel,Novel_interaction,8.960000000195578,1,2.5-5.0min,221.83964800000103
Preinduction,400,Novel,Novel_interaction,1.6400000000357977,1,2.5-5.0min,287.7995200000005
Preinduction,400,Novel,Social_interaction,15.520000000338769,0,0.0-2.5min,0.7600000000020373
Preinduction,400,Novel,Social_interaction,7.96000000017375,0,0.0-2.5min,19.519936000000598
Preinduction,400,Novel,Social_interaction,14.320000000312575,0,0.0-2.5min,29.55993600000147
Preinduction,400,Novel,Social_interaction,2.3200000000506407,0,0.0-2.5min,56.51987200000076
Preinduction,400,Novel,Social_interaction,3.200000000069849,0,0.0-2.5min,66.07984000000215
Preinduction,400,Novel,Social_interaction,6.8000000001484295,1,2.5-5.0min,265.0795840000028
W1,376,Social,Novel_interaction,10.039999999990869,0,0.0-2.5min,57.87996800000019
W1,376,Social,Novel_interaction,5.399999999995089,0,0.0-2.5min,70.23996800000032
W1,376,Social,Novel_interaction,1.3199999999987995,0,0.0-2.5min,127.19987200000014
W1,376,Social,Novel_interaction,7.479999999993197,1,2.5-5.0min,227.199744
W1,376,Social,Novel_interaction,1.7199999999984357,1,2.5-5.0min,252.4797120000003
W1,376,Social,Social_interaction,2.2799999999979264,0,0.0-2.5min,0.0
W1,376,Social,Social_interaction,1.8399999999983265,0,0.0-2.5min,14.800000000000182
W1,376,Social,Social_interaction,5.479999999995016,0,0.0-2.5min,26.800000000000182
W1,376,Social,Social_interaction,4.679999999995744,0,0.0-2.5min,36.91996800000015
W1,376,Social,Social_interaction,0.7199999999993452,0,0.0-2.5min,51.63996799999995
W1,376,Social,Social_interaction,9.679999999991196,0,0.0-2.5min,88.2799359999999
W1,376,Social,Social_interaction,0.47999999999956344,0,0.0-2.5min,135.71987200000012
W1,376,Social,Social_interaction,1.999999999998181,0,0.0-2.5min,139.5198720000003
W1,376,Social,Social_interaction,0.8799999999991996,0,0.0-2.5min,149.0398720000003
W1,376,Social,Social_interaction,6.719999999993888,1,2.5-5.0min,151.43987199999992
W1,376,Social,Social_interaction,2.7999999999974534,1,2.5-5.0min,159.79984000000013
W1,376,Social,Social_interaction,7.479999999993197,1,2.5-5.0min,211.2397759999999
W1,376,Social,Social_interaction,1.7599999999983993,1,2.5-5.0min,292.6396480000003
W1,376,Novel,Novel_interaction,1.2799999999988358,0,0.0-2.5min,1.6799999999998363
W1,376,Novel,Novel_interaction,1.1199999999989814,0,0.0-2.5min,10.960000000000036
W1,376,Novel,Novel_interaction,11.319999999989705,0,0.0-2.5min,13.400000000000091
W1,376,Novel,Novel_interaction,3.879999999996471,0,0.0-2.5min,57.159936000000016
W1,376,Novel,Novel_interaction,2.5999999999976353,0,0.0-2.5min,64.51993600000014
W1,376,Novel,Novel_interaction,14.399999999986903,0,0.0-2.5min,117.91987199999994
W1,376,Novel,Novel_interaction,21.599999999980355,1,2.5-5.0min,185.23974399999997
W1,376,Novel,Novel_interaction,1.479999999998654,1,2.5-5.0min,232.07968000000028
W1,376,Novel,Social_interaction,4.799999999995634,0,0.0-2.5min,77.19993599999998
W1,376,Novel,Social_interaction,1.5199999999986176,0,0.0-2.5min,84.83990399999993
W1,376,Novel,Social_interaction,3.999999999996362,1,2.5-5.0min,214.3997119999999
W1,372,Social,Novel_interaction,2.439999999997781,0,0.0-2.5min,146.5999039999997
W1,372,Social,Novel_interaction,0.9599999999991269,1,2.5-5.0min,196.43990399999984
W1,372,Social,Social_interaction,0.8799999999991996,0,0.0-2.5min,6.199999999999818
W1,372,Social,Social_interaction,11.71999999998934,0,0.0-2.5min,41.91996800000015
W1,372,Social,Social_interaction,3.6399999999966894,0,0.0-2.5min,57.279967999999826
W1,372,Social,Social_interaction,0.7999999999992724,0,0.0-2.5min,132.31993599999987
W1,372,Social,Social_interaction,1.3199999999987995,1,2.5-5.0min,176.83990399999948
W1,372,Social,Social_interaction,2.2799999999979264,1,2.5-5.0min,280.279904
W1,372,Novel,Novel_interaction,0.8799999999991996,0,0.0-2.5min,0.8000000000001819
W1,372,Novel,Novel_interaction,2.2799999999979264,0,0.0-2.5min,15.079968000000008
W1,372,Novel,Novel_interaction,30.439999999972315,0,0.0-2.5min,57.3199680000007
W1,372,Novel,Novel_interaction,3.8399999999965075,0,0.0-2.5min,90.43993600000067
W1,372,Novel,Novel_interaction,2.959999999997308,0,0.0-2.5min,112.5999040000006
W1,372,Novel,Novel_interaction,37.43999999996595,0,0.0-2.5min,143.99987200000032
W1,372,Novel,Novel_interaction,10.079999999990832,1,2.5-5.0min,187.8798080000006
W1,372,Novel,Novel_interaction,6.1599999999943975,1,2.5-5.0min,256.91977600000064
W1,372,Novel,Novel_interaction,8.759999999992033,1,2.5-5.0min,291.11977600000046
W1,372,Novel,Social_interaction,5.959999999994579,1,2.5-5.0min,220.3198080000002
W1,372,Novel,Social_interaction,3.5199999999967986,1,2.5-5.0min,246.83980800000063
W1,372,Novel,Social_interaction,3.1199999999971624,1,2.5-5.0min,278.7597760000008
W1,374,Social,Novel_interaction,7.39999999999327,0,0.0-2.5min,39.79996800000026
W1,374,Social,Novel_interaction,0.03999999999996362,0,0.0-2.5min,121.63996800000041
W1,374,Social,Novel_interaction,3.559999999996762,1,2.5-5.0min,165.27999999999975
W1,374,Social,Novel_interaction,0.7999999999992724,1,2.5-5.0min,172.64000000000033
W1,374,Social,Novel_interaction,1.9199999999982538,1,2.5-5.0min,177.23999999999978
W1,374,Social,Novel_interaction,2.959999999997308,1,2.5-5.0min,257.52003200000036
W1,374,Social,Novel_interaction,0.3599999999996726,1,2.5-5.0min,298.6000320000003
W1,374,Social,Social_interaction,0.839999999999236,0,0.0-2.5min,0.0
W1,374,Social,Social_interaction,1.1199999999989814,0,0.0-2.5min,121.67996800000037
W1,374,Social,Social_interaction,10.119999999990796,1,2.5-5.0min,211.3199999999997
W1,374,Social,Social_interaction,1.2399999999988722,1,2.5-5.0min,237.28003199999966
W1,374,Novel,Novel_interaction,5.680000000123982,0,0.0-2.5min,1.8400000000001455
W1,374,Novel,Novel_interaction,2.760000000060245,0,0.0-2.5min,10.920000000000073
W1,374,Novel,Novel_interaction,1.4400000000314321,0,0.0-2.5min,29.56003200000123
W1,374,Novel,Novel_interaction,3.2400000000707223,0,0.0-2.5min,74.00003199999992
W1,374,Novel,Novel_interaction,11.520000000251457,0,0.0-2.5min,82.20003200000065
W1,374,Novel,Novel_interaction,8.400000000183354,0,0.0-2.5min,100.32006399999955
W1,374,Novel,Novel_interaction,6.400000000139698,1,2.5-5.0min,206.6800000000003
W1,374,Novel,Novel_interaction,2.720000000059372,1,2.5-5.0min,221.76000000000022
W1,374,Novel,Novel_interaction,5.920000000129221,1,2.5-5.0min,251.07999999999993
W1,374,Novel,Novel_interaction,22.20000000048458,1,2.5-5.0min,260.96003200000087
W1,374,Novel,Novel_interaction,3.3200000000724685,1,2.5-5.0min,290.3200319999996
W1,374,Novel,Social_interaction,1.720000000037544,1,2.5-5.0min,152.3600320000005
W1,374,Novel,Social_interaction,7.8400000001711305,1,2.5-5.0min,186.40003199999956
W1,429,Social,Novel_interaction,1.360000000029686,0,0.0-2.5min,37.840032000000065
W1,429,Social,Novel_interaction,6.480000000141445,0,0.0-2.5min,104.76003200000014
W1,429,Social,Novel_interaction,8.60000000018772,0,0.0-2.5min,118.96006400000078
W1,429,Social,Novel_interaction,3.0000000000654836,1,2.5-5.0min,276.6001919999999
W1,429,Social,Social_interaction,13.560000000295986,0,0.0-2.5min,2.360000000000582
W1,429,Social,Social_interaction,12.560000000274158,0,0.0-2.5min,18.720032000001083
W1,429,Social,Social_interaction,2.360000000051514,0,0.0-2.5min,74.96003200000087
W1,429,Social,Social_interaction,0.5200000000113505,0,0.0-2.5min,87.28003200000057
W1,429,Social,Social_interaction,4.280000000093423,0,0.0-2.5min,133.52006400000027
W1,429,Social,Social_interaction,0.6400000000139698,0,0.0-2.5min,140.32006400000137
W1,429,Social,Social_interaction,6.68000000014581,1,2.5-5.0min,150.640096000001
W1,429,Social,Social_interaction,1.5600000000340515,1,2.5-5.0min,177.68009600000005
W1,429,Social,Social_interaction,1.6000000000349246,1,2.5-5.0min,194.36012800000026
W1,429,Social,Social_interaction,6.4400000001405715,1,2.5-5.0min,197.72012800000084
W1,429,Social,Social_interaction,0.4800000000104774,1,2.5-5.0min,210.60015999999996
W1,429,Novel,Novel_interaction,2.360000000051514,0,0.0-2.5min,34.92003199999999
W1,429,Novel,Novel_interaction,5.360000000116997,0,0.0-2.5min,42.400032000001374
W1,429,Novel,Novel_interaction,14.840000000323926,0,0.0-2.5min,55.68003200000021
W1,429,Novel,Novel_interaction,3.0400000000663567,0,0.0-2.5min,73.2800640000005
W1,429,Novel,Novel_interaction,9.24000000020169,0,0.0-2.5min,122.20009600000049
W1,429,Novel,Novel_interaction,3.120000000068103,0,0.0-2.5min,136.20009600000049
W1,429,Novel,Novel_interaction,0.9600000000209548,0,0.0-2.5min,141.20009600000049
W1,429,Novel,Novel_interaction,2.44000000005326,0,0.0-2.5min,145.5200960000002
W1,429,Novel,Novel_interaction,2.5600000000558794,1,2.5-5.0min,207.28016000000025
W1,429,Novel,Novel_interaction,6.8000000001484295,1,2.5-5.0min,244.1201600000004
W1,429,Novel,Novel_interaction,1.4800000000323053,1,2.5-5.0min,252.64016000000083
W1,429,Novel,Novel_interaction,13.960000000304717,1,2.5-5.0min,259.28016000000025
W1,429,Novel,Novel_interaction,2.160000000047148,1,2.5-5.0min,284.2401920000011
W1,429,Novel,Social_interaction,1.360000000029686,0,0.0-2.5min,1.2000000000007276
W1,429,Novel,Social_interaction,28.680000000626023,1,2.5-5.0min,163.68009600000005
W1,429,Novel,Social_interaction,2.44000000005326,1,2.5-5.0min,195.84012799999982
W1,429,Novel,Social_interaction,0.680000000014843,1,2.5-5.0min,239.36016000000018
W1,429,Novel,Social_interaction,5.560000000121363,1,2.5-5.0min,293.52019199999995
W1,423,Social,Novel_interaction,6.880000000150176,0,0.0-2.5min,138.12012800000048
W1,423,Social,Social_interaction,4.560000000099535,0,0.0-2.5min,54.080063999999766
W1,423,Social,Social_interaction,0.7200000000157161,0,0.0-2.5min,61.92006399999991
W1,423,Social,Social_interaction,4.0000000000873115,0,0.0-2.5min,64.720064000001
W1,423,Social,Social_interaction,8.320000000181608,1,2.5-5.0min,235.2802240000001
W1,423,Social,Social_interaction,6.16000000013446,1,2.5-5.0min,253.8402559999995
W1,423,Novel,Novel_interaction,5.600000000122236,1,2.5-5.0min,242.52000000000044
W1,423,Novel,Novel_interaction,4.080000000089058,1,2.5-5.0min,250.8799999999992
W1,423,Novel,Novel_interaction,16.84000000036758,1,2.5-5.0min,257.9599999999991
W1,423,Novel,Novel_interaction,2.2000000000480213,1,2.5-5.0min,277.6399999999994
W1,423,Novel,Novel_interaction,6.240000000136206,1,2.5-5.0min,292.4400000000005
W1,423,Novel,Novel_interaction,0.2400000000052387,1,2.5-5.0min,299.64003199999934
W1,423,Novel,Social_interaction,7.680000000167638,0,0.0-2.5min,99.44000000000051
W1,423,Novel,Social_interaction,10.240000000223517,0,0.0-2.5min,113.63999999999942
W1,423,Novel,Social_interaction,14.600000000318687,0,0.0-2.5min,127.31996799999979
W1,423,Novel,Social_interaction,2.800000000061118,1,2.5-5.0min,192.5599999999995
W1,463,Social,Novel_interaction,0.5999999999994543,0,0.0-2.5min,48.07999999999993
W1,463,Social,Novel_interaction,2.199999999997999,1,2.5-5.0min,181.79993600000034
W1,463,Social,Novel_interaction,11.439999999989595,1,2.5-5.0min,189.59993599999962
W1,463,Social,Novel_interaction,0.3599999999996726,1,2.5-5.0min,204.79990400000042
W1,463,Social,Novel_interaction,0.7199999999993452,1,2.5-5.0min,297.6398079999999
W1,463,Social,Social_interaction,6.1599999999943975,0,0.0-2.5min,0.0
W1,463,Social,Social_interaction,1.5599999999985812,0,0.0-2.5min,7.5600000000004
W1,463,Social,Social_interaction,4.1599999999962165,0,0.0-2.5min,10.600000000000364
W1,463,Social,Social_interaction,3.0799999999971988,0,0.0-2.5min,16.5600000000004
W1,463,Social,Social_interaction,3.3199999999969805,0,0.0-2.5min,23.600000000000364
W1,463,Social,Social_interaction,6.279999999994288,0,0.0-2.5min,30.840000000000146
W1,463,Social,Social_interaction,1.0799999999990177,0,0.0-2.5min,39.039999999999964
W1,463,Social,Social_interaction,3.479999999996835,0,0.0-2.5min,105.96000000000004
W1,463,Social,Social_interaction,3.3199999999969805,0,0.0-2.5min,116.80000000000018
W1,463,Social,Social_interaction,0.47999999999956344,0,0.0-2.5min,129.03999999999996
W1,463,Social,Social_interaction,2.5599999999976717,0,0.0-2.5min,134.7599680000003
W1,463,Social,Social_interaction,3.1199999999971624,0,0.0-2.5min,149.79996800000026
W1,463,Social,Social_interaction,6.119999999994434,1,2.5-5.0min,153.91996800000015
W1,463,Social,Social_interaction,6.439999999994143,1,2.5-5.0min,226.87987200000043
W1,463,Social,Social_interaction,19.959999999981846,1,2.5-5.0min,238.71987199999967
W1,463,Social,Social_interaction,0.4399999999995998,1,2.5-5.0min,271.7998399999997
W1,463,Novel,Novel_interaction,4.359999999996035,0,0.0-2.5min,96.96003199999996
W1,463,Novel,Novel_interaction,0.5199999999995271,0,0.0-2.5min,111.55999999999949
W1,463,Novel,Novel_interaction,1.5599999999985812,0,0.0-2.5min,123.84000000000015
W1,463,Novel,Novel_interaction,6.719999999993888,0,0.0-2.5min,128.47999999999956
W1,463,Novel,Novel_interaction,0.8799999999991996,1,2.5-5.0min,158.72000000000025
W1,463,Novel,Novel_interaction,0.03999999999996362,1,2.5-5.0min,169.3199999999997
W1,463,Novel,Novel_interaction,4.279999999996107,1,2.5-5.0min,219.4399999999996
W1,463,Novel,Social_interaction,5.239999999995234,0,0.0-2.5min,7.520031999999446
W1,463,Novel,Social_interaction,3.879999999996471,0,0.0-2.5min,17.00003199999992
W1,463,Novel,Social_interaction,10.039999999990869,0,0.0-2.5min,43.48003199999948
W1,463,Novel,Social_interaction,2.5599999999976717,0,0.0-2.5min,56.44003199999952
W1,463,Novel,Social_interaction,0.9599999999991269,0,0.0-2.5min,65.64003200000025
W1,463,Novel,Social_interaction,4.9999999999954525,0,0.0-2.5min,68.00003199999992
W1,463,Novel,Social_interaction,0.5199999999995271,1,2.5-5.0min,169.35999999999967
W1,463,Novel,Social_interaction,4.039999999996326,1,2.5-5.0min,172.64000000000033
W1,463,Novel,Social_interaction,11.71999999998934,1,2.5-5.0min,179.4399999999996
W1,463,Novel,Social_interaction,2.119999999998072,1,2.5-5.0min,196.23999999999978
W1,463,Novel,Social_interaction,0.7199999999993452,1,2.5-5.0min,205.47999999999956
W1,463,Novel,Social_interaction,2.8799999999973807,1,2.5-5.0min,277.03996800000004
W1,463,Novel,Social_interaction,8.799999999991996,1,2.5-5.0min,282.03996800000004
W1,459,Social,Novel_interaction,0.5999999999994543,0,0.0-2.5min,9.12003199999981
W1,459,Social,Novel_interaction,4.119999999996253,0,0.0-2.5min,111.12009599999965
W1,459,Social,Novel_interaction,1.5599999999985812,1,2.5-5.0min,181.68012799999997
W1,459,Social,Novel_interaction,4.559999999995853,1,2.5-5.0min,195.40012800000022
W1,459,Social,Novel_interaction,3.919999999996435,1,2.5-5.0min,267.40019200000006
W1,459,Social,Novel_interaction,6.559999999994034,1,2.5-5.0min,273.1201920000003
W1,459,Social,Social_interaction,0.47999999999956344,0,0.0-2.5min,2.8800320000000283
W1,459,Social,Social_interaction,1.3999999999987267,0,0.0-2.5min,17.2400319999997
W1,459,Social,Social_interaction,8.959999999991851,0,0.0-2.5min,39.56003200000032
W1,459,Social,Social_interaction,0.9999999999990905,0,0.0-2.5min,79.76009599999998
W1,459,Social,Social_interaction,5.8399999999946886,1,2.5-5.0min,151.00009599999976
W1,459,Social,Social_interaction,2.119999999998072,1,2.5-5.0min,168.2800960000004
W1,459,Social,Social_interaction,3.9599999999963984,1,2.5-5.0min,219.32016000000021
W1,459,Novel,Novel_interaction,4.599999999995816,0,0.0-2.5min,51.2400319999997
W1,459,Novel,Novel_interaction,4.839999999995598,1,2.5-5.0min,219.20003199999974
W1,459,Novel,Novel_interaction,1.3999999999987267,1,2.5-5.0min,240.2400319999997
W1,459,Novel,Novel_interaction,1.2399999999988722,1,2.5-5.0min,251.64003200000025
W1,459,Novel,Social_interaction,0.8799999999991996,0,0.0-2.5min,23.5600000000004
W1,459,Novel,Social_interaction,2.0399999999981446,0,0.0-2.5min,26.11999999999989
W1,459,Novel,Social_interaction,1.0399999999990541,0,0.0-2.5min,36.11999999999989
W1,459,Novel,Social_interaction,4.079999999996289,0,0.0-2.5min,79.8000320000001
W1,459,Novel,Social_interaction,1.359999999998763,0,0.0-2.5min,94.68003200000021
W1,459,Novel,Social_interaction,4.119999999996253,0,0.0-2.5min,97.56003200000032
W1,459,Novel,Social_interaction,0.7999999999992724,0,0.0-2.5min,103.8000320000001
W1,459,Novel,Social_interaction,1.5599999999985812,0,0.0-2.5min,143.88003200000003
W1,459,Novel,Social_interaction,3.599999999996726,0,0.0-2.5min,148.16003199999977
W1,459,Novel,Social_interaction,1.3999999999987267,1,2.5-5.0min,167.96006399999987
W1,459,Novel,Social_interaction,2.399999999997817,1,2.5-5.0min,198.20003199999974
W1,459,Novel,Social_interaction,1.159999999998945,1,2.5-5.0min,206.44003200000043
W1,459,Novel,Social_interaction,7.479999999993197,1,2.5-5.0min,270.20003199999974
W1,398,Social,Novel_interaction,4.88000000010652,1,2.5-5.0min,188.12012799999866
W1,398,Social,Novel_interaction,5.440000000118744,1,2.5-5.0min,202.2801279999985
W1,398,Social,Social_interaction,8.680000000189466,0,0.0-2.5min,30.719999999999345
W1,398,Social,Social_interaction,6.760000000147556,0,0.0-2.5min,40.51999999999862
W1,398,Social,Social_interaction,2.9600000000646105,0,0.0-2.5min,65.68003199999839
W1,398,Social,Social_interaction,7.360000000160653,0,0.0-2.5min,82.68006399999831
W1,398,Social,Social_interaction,5.800000000126602,0,0.0-2.5min,145.28006399999867
W1,398,Social,Social_interaction,6.760000000147556,1,2.5-5.0min,164.48009599999932
W1,398,Social,Social_interaction,5.52000000012049,1,2.5-5.0min,175.36009599999852
W1,398,Social,Social_interaction,3.9200000000855653,1,2.5-5.0min,222.16015999999945
W1,398,Social,Social_interaction,9.600000000209548,1,2.5-5.0min,237.52019199999995
W1,398,Novel,Novel_interaction,4.520000000098662,1,2.5-5.0min,190.5600000000013
W1,398,Novel,Novel_interaction,5.080000000110886,1,2.5-5.0min,198.5600000000013
W1,398,Novel,Novel_interaction,13.48000000029424,1,2.5-5.0min,207.72000000000116
W1,398,Novel,Novel_interaction,0.5200000000113505,1,2.5-5.0min,227.23999999999978
W1,398,Novel,Novel_interaction,0.8000000000174623,1,2.5-5.0min,230.6800000000003
W1,398,Novel,Novel_interaction,8.440000000184227,1,2.5-5.0min,291.4400000000005
W1,398,Novel,Social_interaction,7.000000000152795,0,0.0-2.5min,97.28003200000057
W1,398,Novel,Social_interaction,11.080000000241853,0,0.0-2.5min,116.08003199999985
W1,398,Novel,Social_interaction,4.720000000103028,1,2.5-5.0min,155.0400320000008
W1,398,Novel,Social_interaction,5.0400000001100125,1,2.5-5.0min,262.7600000000002
W1,398,Novel,Social_interaction,1.760000000038417,1,2.5-5.0min,272.0
W1,398,Novel,Social_interaction,5.52000000012049,1,2.5-5.0min,279.1200000000008
W1,400,Social,Novel_interaction,0.9200000000200816,0,0.0-2.5min,73.71999999999935
W1,400,Social,Novel_interaction,2.8800000000628643,0,0.0-2.5min,96.71999999999935
W1,400,Social,Novel_interaction,8.840000000192958,1,2.5-5.0min,211.83999999999833
W1,400,Social,Novel_interaction,12.120000000264554,1,2.5-5.0min,221.39999999999964
W1,400,Social,Social_interaction,5.160000000112632,0,0.0-2.5min,109.83999999999833
W1,400,Social,Social_interaction,2.8800000000628643,0,0.0-2.5min,119.19999999999891
W1,400,Social,Social_interaction,4.0000000000873115,0,0.0-2.5min,125.63999999999942
W1,400,Social,Social_interaction,5.440000000118744,0,0.0-2.5min,143.92000000000007
W1,400,Social,Social_interaction,1.360000000029686,1,2.5-5.0min,151.83999999999833
W1,400,Social,Social_interaction,14.040000000306463,1,2.5-5.0min,180.67996799999855
W1,400,Social,Social_interaction,7.080000000154541,1,2.5-5.0min,196.3199999999997
W1,400,Social,Social_interaction,5.000000000109139,1,2.5-5.0min,292.199967999999
W1,400,Novel,Novel_interaction,13.160000000287255,0,0.0-2.5min,29.719968000001245
W1,400,Novel,Novel_interaction,2.6800000000584987,0,0.0-2.5min,52.99996800000008
W1,400,Novel,Novel_interaction,1.6800000000366708,0,0.0-2.5min,58.99993600000016
W1,400,Novel,Novel_interaction,11.160000000243599,0,0.0-2.5min,63.67993600000045
W1,400,Novel,Novel_interaction,12.2000000002663,0,0.0-2.5min,80.35993600000074
W1,400,Novel,Novel_interaction,1.3200000000288128,0,0.0-2.5min,97.8399360000003
W1,400,Novel,Novel_interaction,1.360000000029686,0,0.0-2.5min,113.95993600000111
W1,400,Novel,Novel_interaction,3.520000000076834,0,0.0-2.5min,117.11993600000096
W1,400,Novel,Novel_interaction,6.840000000149303,0,0.0-2.5min,128.11990400000104
W1,400,Novel,Novel_interaction,0.9600000000209548,0,0.0-2.5min,140.5999040000006
W1,400,Novel,Novel_interaction,1.360000000029686,0,0.0-2.5min,149.7199039999996
W1,400,Novel,Novel_interaction,2.5600000000558794,1,2.5-5.0min,163.11990400000104
W1,400,Novel,Novel_interaction,0.040000000000873115,1,2.5-5.0min,265.1997760000013
W1,400,Novel,Novel_interaction,3.3200000000724685,1,2.5-5.0min,273.11977600000137
W1,400,Novel,Novel_interaction,3.5600000000777072,1,2.5-5.0min,280.35977600000115
W1,400,Novel,Novel_interaction,12.280000000268046,1,2.5-5.0min,287.59977600000093
W1,400,Novel,Social_interaction,6.960000000151922,1,2.5-5.0min,203.91984000000048
W1,400,Novel,Social_interaction,33.60000000073342,1,2.5-5.0min,213.91984000000048
W2,376,Social,Novel_interaction,0.6399999999994179,0,0.0-2.5min,1.2399999999997817
W2,376,Social,Novel_interaction,0.6799999999993815,0,0.0-2.5min,10.599999999999454
W2,376,Social,Novel_interaction,2.2799999999979264,0,0.0-2.5min,18.23999999999978
W2,376,Social,Novel_interaction,1.1199999999989814,0,0.0-2.5min,22.359999999999673
W2,376,Social,Novel_interaction,8.999999999991815,0,0.0-2.5min,83.4399999999996
W2,376,Social,Novel_interaction,0.03999999999996362,0,0.0-2.5min,105.63999999999942
W2,376,Social,Novel_interaction,8.319999999992433,1,2.5-5.0min,170.60003199999937
W2,376,Social,Novel_interaction,1.479999999998654,1,2.5-5.0min,181.96003199999996
W2,376,Social,Novel_interaction,7.199999999993452,1,2.5-5.0min,185.2400319999997
W2,376,Social,Novel_interaction,2.5999999999976353,1,2.5-5.0min,200.32003199999963
W2,376,Social,Novel_interaction,2.199999999997999,1,2.5-5.0min,270.52003199999945
W2,376,Social,Social_interaction,16.79999999998472,0,0.0-2.5min,29.399999999999636
W2,376,Social,Social_interaction,7.079999999993561,0,0.0-2.5min,48.399999999999636
W2,376,Social,Social_interaction,7.3199999999933425,0,0.0-2.5min,57.039999999999964
W2,376,Social,Social_interaction,1.8399999999983265,0,0.0-2.5min,66.4399999999996
W2,376,Social,Social_interaction,3.3199999999969805,0,0.0-2.5min,72.0
W2,376,Social,Social_interaction,1.1999999999989086,0,0.0-2.5min,105.67999999999938
W2,376,Social,Social_interaction,1.1199999999989814,0,0.0-2.5min,109.19999999999982
W2,376,Social,Social_interaction,1.0399999999990541,0,0.0-2.5min,119.19999999999982
W2,376,Social,Social_interaction,0.7199999999993452,0,0.0-2.5min,130.19999999999982
W2,376,Social,Social_interaction,3.3199999999969805,1,2.5-5.0min,206.28003199999966
W2,376,Social,Social_interaction,6.799999999993815,1,2.5-5.0min,210.64003199999934
W2,376,Social,Social_interaction,0.27999999999974534,1,2.5-5.0min,227.32003199999963
W2,376,Social,Social_interaction,2.2399999999979627,1,2.5-5.0min,230.5599999999995
W2,376,Social,Social_interaction,6.599999999993997,1,2.5-5.0min,235.8000319999992
W2,376,Novel,Novel_interaction,1.7599999999983993,0,0.0-2.5min,24.31999999999971
W2,376,Novel,Novel_interaction,0.31999999999970896,0,0.0-2.5min,70.7200640000001
W2,376,Novel,Novel_interaction,3.999999999996362,0,0.0-2.5min,73.24006399999962
W2,376,Novel,Novel_interaction,2.3599999999978536,0,0.0-2.5min,96.36006399999951
W2,376,Novel,Novel_interaction,9.039999999991778,0,0.0-2.5min,109.40006399999947
W2,376,Novel,Novel_interaction,0.7599999999993088,0,0.0-2.5min,120.9600959999998
W2,376,Novel,Novel_interaction,0.6799999999993815,0,0.0-2.5min,128.64009600000009
W2,376,Novel,Novel_interaction,4.519999999995889,0,0.0-2.5min,133.2800959999995
W2,376,Novel,Novel_interaction,4.879999999995562,1,2.5-5.0min,291.1201919999994
W2,376,Novel,Social_interaction,1.7199999999984357,0,0.0-2.5min,18.399999999999636
W2,376,Novel,Social_interaction,0.5999999999994543,0,0.0-2.5min,28.920031999999992
W2,376,Novel,Social_interaction,2.6799999999975626,0,0.0-2.5min,30.360031999999592
W2,376,Novel,Social_interaction,3.1999999999970896,0,0.0-2.5min,61.56006399999933
W2,376,Novel,Social_interaction,5.759999999994761,0,0.0-2.5min,83.56006399999933
W2,376,Novel,Social_interaction,1.2399999999988722,0,0.0-2.5min,90.7200640000001
W2,376,Novel,Social_interaction,0.9599999999991269,1,2.5-5.0min,196.56016
W2,376,Novel,Social_interaction,5.599999999994907,1,2.5-5.0min,220.8801599999997
W2,376,Novel,Social_interaction,1.5599999999985812,1,2.5-5.0min,233.96015999999963
W2,376,Novel,Social_interaction,3.0799999999971988,1,2.5-5.0min,251.8001919999997
W2,376,Novel,Social_interaction,9.559999999991305,1,2.5-5.0min,256.6001919999999
W2,376,Novel,Social_interaction,2.5999999999976353,1,2.5-5.0min,268.3601920000001
W2,376,Novel,Social_interaction,7.999999999992724,1,2.5-5.0min,274.3601920000001
W2,372,Social,Novel_interaction,1.479999999998654,0,0.0-2.5min,61.600000000000364
W2,372,Social,Novel_interaction,12.47999999998865,0,0.0-2.5min,141.20000000000073
W2,372,Social,Novel_interaction,1.4399999999986903,1,2.5-5.0min,155.92000000000007
W2,372,Social,Novel_interaction,1.2399999999988722,1,2.5-5.0min,200.23996799999986
W2,372,Social,Social_interaction,0.5599999999994907,0,0.0-2.5min,22.88003200000003
W2,372,Social,Social_interaction,1.1999999999989086,0,0.0-2.5min,77.80000000000018
W2,372,Social,Social_interaction,26.19999999997617,0,0.0-2.5min,85.11999999999989
W2,372,Social,Social_interaction,6.07999999999447,0,0.0-2.5min,116.60000000000036
W2,372,Social,Social_interaction,0.8799999999991996,0,0.0-2.5min,124.32000000000062
W2,372,Social,Social_interaction,2.8799999999973807,0,0.0-2.5min,134.76000000000022
W2,372,Social,Social_interaction,8.799999999991996,1,2.5-5.0min,180.51996800000052
W2,372,Novel,Novel_interaction,5.759999999994761,0,0.0-2.5min,0.0
W2,372,Novel,Novel_interaction,21.079999999980828,0,0.0-2.5min,7.559999999999491
W2,372,Novel,Novel_interaction,2.519999999997708,0,0.0-2.5min,42.56003200000032
W2,372,Novel,Novel_interaction,2.0399999999981446,0,0.0-2.5min,95.36006399999951
W2,372,Novel,Novel_interaction,0.9599999999991269,0,0.0-2.5min,109.64006400000017
W2,372,Novel,Novel_interaction,6.319999999994252,1,2.5-5.0min,193.04009599999972
W2,372,Novel,Novel_interaction,22.7599999999793,1,2.5-5.0min,201.12009599999965
W2,372,Novel,Novel_interaction,1.1999999999989086,1,2.5-5.0min,235.16012799999953
W2,372,Novel,Novel_interaction,8.439999999992324,1,2.5-5.0min,238.0801279999996
W2,372,Novel,Social_interaction,0.5199999999995271,0,0.0-2.5min,37.32003199999963
W2,372,Novel,Social_interaction,1.5999999999985448,1,2.5-5.0min,152.48009600000023
W2,374,Social,Novel_interaction,4.0000000000873115,1,2.5-5.0min,215.4000640000013
W2,374,Social,Novel_interaction,1.2800000000279397,1,2.5-5.0min,259.6800320000002
W2,374,Social,Novel_interaction,0.7600000000165892,1,2.5-5.0min,266.76003200000014
W2,374,Social,Social_interaction,7.360000000160653,0,0.0-2.5min,25.400000000001455
W2,374,Social,Social_interaction,11.120000000242726,0,0.0-2.5min,36.80000000000109
W2,374,Social,Social_interaction,12.160000000265427,0,0.0-2.5min,54.88000000000102
W2,374,Social,Social_interaction,1.6800000000366708,0,0.0-2.5min,91.20003200000065
W2,374,Social,Social_interaction,7.880000000172004,0,0.0-2.5min,101.20003200000065
W2,374,Social,Social_interaction,0.2400000000052387,0,0.0-2.5min,125.12003200000072
W2,374,Social,Social_interaction,2.9600000000646105,0,0.0-2.5min,135.44006400000035
W2,374,Social,Social_interaction,6.880000000150176,1,2.5-5.0min,162.00006400000166
W2,374,Social,Social_interaction,10.28000000022439,1,2.5-5.0min,174.2800640000005
W2,374,Social,Social_interaction,5.600000000122236,1,2.5-5.0min,294.28000000000065
W2,374,Novel,Novel_interaction,3.7200000000811997,0,0.0-2.5min,18.0
W2,374,Novel,Novel_interaction,0.7200000000157161,0,0.0-2.5min,41.1200000000008
W2,374,Novel,Novel_interaction,3.0000000000654836,1,2.5-5.0min,277.2400000000016
W2,374,Novel,Novel_interaction,5.360000000116997,1,2.5-5.0min,281.60000000000036
W2,374,Novel,Novel_interaction,10.160000000221771,1,2.5-5.0min,289.7600000000002
W2,374,Novel,Social_interaction,3.6400000000794535,0,0.0-2.5min,140.5599680000014
W2,374,Novel,Social_interaction,8.400000000183354,0,0.0-2.5min,145.35996800000066
W2,374,Novel,Social_interaction,4.600000000100408,1,2.5-5.0min,164.1200000000008
W2,374,Novel,Social_interaction,0.4800000000104774,1,2.5-5.0min,175.5600000000013
W2,374,Novel,Social_interaction,0.5600000000122236,1,2.5-5.0min,195.72000000000116
W2,374,Novel,Social_interaction,2.0000000000436557,1,2.5-5.0min,200.5600000000013
W2,429,Social,Novel_interaction,3.7200000000811997,0,0.0-2.5min,42.80003199999919
W2,429,Social,Novel_interaction,2.5200000000550062,0,0.0-2.5min,83.60006399999838
W2,429,Social,Novel_interaction,0.5600000000122236,1,2.5-5.0min,154.60012800000004
W2,429,Social,Novel_interaction,1.5200000000331784,1,2.5-5.0min,238.84015999999974
W2,429,Social,Novel_interaction,4.3600000000951695,1,2.5-5.0min,243.52016000000003
W2,429,Social,Social_interaction,3.200000000069849,0,0.0-2.5min,0.0
W2,429,Social,Social_interaction,4.6800000001021544,0,0.0-2.5min,5.279999999998836
W2,429,Social,Social_interaction,6.280000000137079,0,0.0-2.5min,12.079999999999927
W2,429,Social,Social_interaction,7.360000000160653,0,0.0-2.5min,20.599999999998545
W2,429,Social,Social_interaction,2.9200000000637374,0,0.0-2.5min,30.399999999999636
W2,429,Social,Social_interaction,1.6400000000357977,0,0.0-2.5min,97.48009599999932
W2,429,Social,Social_interaction,16.04000000035012,0,0.0-2.5min,101.52009599999838
W2,429,Social,Social_interaction,1.8800000000410364,0,0.0-2.5min,131.00009599999976
W2,429,Social,Social_interaction,0.5600000000122236,1,2.5-5.0min,198.16012799999953
W2,429,Social,Social_interaction,1.360000000029686,1,2.5-5.0min,217.28015999999843
W2,429,Social,Social_interaction,2.6000000000567525,1,2.5-5.0min,258.6801599999999
W2,429,Social,Social_interaction,3.9600000000864384,1,2.5-5.0min,288.2401919999993
W2,429,Social,Social_interaction,1.4400000000314321,1,2.5-5.0min,297.3601920000001
W2,429,Novel,Novel_interaction,0.8800000000192085,0,0.0-2.5min,1.2800000000006548
W2,429,Novel,Novel_interaction,9.440000000206055,0,0.0-2.5min,38.520096000000194
W2,429,Novel,Novel_interaction,1.6800000000366708,0,0.0-2.5min,50.520096000000194
W2,429,Novel,Novel_interaction,0.44000000000960426,0,0.0-2.5min,101.4801920000009
W2,429,Novel,Novel_interaction,1.1600000000253203,0,0.0-2.5min,131.12022400000023
W2,429,Novel,Novel_interaction,7.200000000157161,0,0.0-2.5min,134.36022400000002
W2,429,Novel,Novel_interaction,6.960000000151922,1,2.5-5.0min,159.20025600000008
W2,429,Novel,Novel_interaction,0.40000000000873115,1,2.5-5.0min,199.36031999999977
W2,429,Novel,Social_interaction,5.320000000116124,0,0.0-2.5min,108.3601920000001
W2,429,Novel,Social_interaction,3.3600000000733417,1,2.5-5.0min,216.88035200000013
W2,429,Novel,Social_interaction,2.760000000060245,1,2.5-5.0min,232.4803840000004
W2,429,Novel,Social_interaction,2.120000000046275,1,2.5-5.0min,238.20038399999976
W2,429,Novel,Social_interaction,4.440000000096916,1,2.5-5.0min,242.40038400000049
W2,429,Novel,Social_interaction,0.08000000000174623,1,2.5-5.0min,249.4004160000004
W2,429,Novel,Social_interaction,0.7600000000165892,1,2.5-5.0min,249.88041599999997
W2,423,Social,Novel_interaction,3.440000000075088,0,0.0-2.5min,83.88009600000078
W2,423,Social,Novel_interaction,9.040000000197324,0,0.0-2.5min,90.36009600000034
W2,423,Social,Novel_interaction,1.0000000000218279,0,0.0-2.5min,128.6401280000009
W2,423,Social,Novel_interaction,1.4800000000323053,0,0.0-2.5min,133.0001599999996
W2,423,Social,Novel_interaction,3.6400000000794535,0,0.0-2.5min,138.6801599999999
W2,423,Social,Novel_interaction,0.6400000000139698,1,2.5-5.0min,168.6801919999998
W2,423,Social,Novel_interaction,2.080000000045402,1,2.5-5.0min,297.80028800000036
W2,423,Social,Social_interaction,0.6000000000130967,0,0.0-2.5min,18.760032000000137
W2,423,Social,Social_interaction,7.400000000161526,0,0.0-2.5min,21.44003200000043
W2,423,Social,Social_interaction,0.8000000000174623,0,0.0-2.5min,31.68003200000021
W2,423,Social,Social_interaction,0.4800000000104774,0,0.0-2.5min,34.64003199999934
W2,423,Social,Social_interaction,17.360000000378932,0,0.0-2.5min,62.12006400000064
W2,423,Social,Social_interaction,2.840000000061991,1,2.5-5.0min,153.92015999999967
W2,423,Social,Social_interaction,1.8000000000392902,1,2.5-5.0min,158.08015999999952
W2,423,Social,Social_interaction,0.20000000000436557,1,2.5-5.0min,166.12019200000032
W2,423,Social,Social_interaction,1.5200000000331784,1,2.5-5.0min,241.1602559999992
W2,423,Social,Social_interaction,0.5600000000122236,1,2.5-5.0min,244.68025599999964
W2,423,Novel,Novel_interaction,0.8000000000174623,0,0.0-2.5min,4.640000000001237
W2,423,Novel,Novel_interaction,1.6000000000349246,0,0.0-2.5min,7.200000000000728
W2,423,Novel,Novel_interaction,5.360000000116997,0,0.0-2.5min,18.040032000000792
W2,423,Novel,Novel_interaction,1.760000000038417,0,0.0-2.5min,34.60003200000028
W2,423,Novel,Novel_interaction,1.2000000000261934,0,0.0-2.5min,38.20003200000065
W2,423,Novel,Novel_interaction,2.0000000000436557,0,0.0-2.5min,41.12006400000064
W2,423,Novel,Novel_interaction,0.5600000000122236,0,0.0-2.5min,46.00006399999984
W2,423,Novel,Novel_interaction,1.720000000037544,0,0.0-2.5min,114.64012800000091
W2,423,Novel,Novel_interaction,0.5600000000122236,1,2.5-5.0min,153.60015999999996
W2,423,Novel,Novel_interaction,1.760000000038417,1,2.5-5.0min,175.76015999999981
W2,423,Novel,Novel_interaction,2.6800000000584987,1,2.5-5.0min,187.40016000000105
W2,423,Novel,Novel_interaction,5.440000000118744,1,2.5-5.0min,261.3202880000008
W2,423,Novel,Social_interaction,7.080000000154541,0,0.0-2.5min,78.92009599999983
W2,423,Novel,Social_interaction,5.880000000128348,0,0.0-2.5min,90.72009600000092
W2,423,Novel,Social_interaction,3.520000000076834,1,2.5-5.0min,219.36022400000002
W2,423,Novel,Social_interaction,0.680000000014843,1,2.5-5.0min,226.00022400000125
W2,423,Novel,Social_interaction,1.1600000000253203,1,2.5-5.0min,238.6402560000006
W2,463,Social,Novel_interaction,10.27999999999065,0,0.0-2.5min,105.24015999999983
W2,463,Social,Novel_interaction,1.0799999999990177,1,2.5-5.0min,257.04035199999953
W2,463,Social,Novel_interaction,0.7199999999993452,1,2.5-5.0min,280.24035200000026
W2,463,Social,Social_interaction,14.839999999986503,0,0.0-2.5min,25.280031999999665
W2,463,Social,Social_interaction,6.879999999993743,0,0.0-2.5min,86.56012799999962
W2,463,Social,Social_interaction,0.9599999999991269,0,0.0-2.5min,149.88025599999992
W2,463,Social,Social_interaction,7.079999999993561,1,2.5-5.0min,153.36025599999994
W2,463,Social,Social_interaction,0.3599999999996726,1,2.5-5.0min,163.8002879999999
W2,463,Social,Social_interaction,2.839999999997417,1,2.5-5.0min,165.60028799999964
W2,463,Social,Social_interaction,7.999999999992724,1,2.5-5.0min,228.56032000000005
W2,463,Novel,Novel_interaction,0.5599999999994907,0,0.0-2.5min,29.44003200000043
W2,463,Novel,Novel_interaction,5.439999999995052,0,0.0-2.5min,89.68003200000021
W2,463,Novel,Novel_interaction,0.3599999999996726,0,0.0-2.5min,141.44006400000035
W2,463,Novel,Novel_interaction,3.039999999997235,1,2.5-5.0min,152.96006399999987
W2,463,Novel,Novel_interaction,0.7599999999993088,1,2.5-5.0min,157.68006400000013
W2,463,Novel,Novel_interaction,9.639999999991232,1,2.5-5.0min,283.0801280000005
W2,463,Novel,Social_interaction,3.999999999996362,0,0.0-2.5min,2.240000000000691
W2,463,Novel,Social_interaction,1.2399999999988722,0,0.0-2.5min,9.520000000000437
W2,463,Novel,Social_interaction,12.959999999988213,0,0.0-2.5min,71.04003199999988
W2,463,Novel,Social_interaction,8.71999999999207,0,0.0-2.5min,111.64003200000025
W2,463,Novel,Social_interaction,3.6399999999966894,0,0.0-2.5min,127.7200640000001
W2,463,Novel,Social_interaction,6.839999999993779,1,2.5-5.0min,174.44006400000035
W2,463,Novel,Social_interaction,0.3999999999996362,1,2.5-5.0min,187.2800640000005
W2,463,Novel,Social_interaction,3.879999999996471,1,2.5-5.0min,263.2800960000004
W2,463,Novel,Social_interaction,2.399999999997817,1,2.5-5.0min,268.44009600000027
W2,463,Novel,Social_interaction,2.399999999997817,1,2.5-5.0min,273.56009600000016
W2,459,Social,Novel_interaction,0.3999999999996362,0,0.0-2.5min,21.600032000000283
W2,459,Social,Novel_interaction,1.0799999999990177,0,0.0-2.5min,24.56003200000032
W2,459,Social,Novel_interaction,0.3999999999996362,0,0.0-2.5min,26.400032000000465
W2,459,Social,Novel_interaction,3.1999999999970896,0,0.0-2.5min,77.40016000000014
W2,459,Social,Novel_interaction,0.7599999999993088,0,0.0-2.5min,85.24016000000029
W2,459,Social,Novel_interaction,14.519999999986794,0,0.0-2.5min,86.92015999999967
W2,459,Social,Novel_interaction,1.4399999999986903,0,0.0-2.5min,126.64022399999976
W2,459,Social,Novel_interaction,0.03999999999996362,1,2.5-5.0min,179.2403519999998
W2,459,Social,Novel_interaction,5.239999999995234,1,2.5-5.0min,216.08038399999987
W2,459,Social,Novel_interaction,1.3199999999987995,1,2.5-5.0min,223.3603839999996
W2,459,Social,Novel_interaction,21.63999999998032,1,2.5-5.0min,228.6003840000003
W2,459,Social,Novel_interaction,4.119999999996253,1,2.5-5.0min,251.92041599999993
W2,459,Social,Social_interaction,5.039999999995416,0,0.0-2.5min,2.119999999999891
W2,459,Social,Social_interaction,1.1999999999989086,0,0.0-2.5min,9.88000000000011
W2,459,Social,Social_interaction,2.2799999999979264,0,0.0-2.5min,12.11999999999989
W2,459,Social,Social_interaction,1.1199999999989814,0,0.0-2.5min,66.60012800000004
W2,459,Social,Social_interaction,1.0799999999990177,0,0.0-2.5min,69.52012800000011
W2,459,Social,Social_interaction,2.7999999999974534,0,0.0-2.5min,71.36012800000026
W2,459,Social,Social_interaction,1.799999999998363,1,2.5-5.0min,179.28035199999977
W2,459,Social,Social_interaction,11.03999999998996,1,2.5-5.0min,263.7204160000001
W2,459,Social,Social_interaction,0.8799999999991996,1,2.5-5.0min,281.8404479999999
W2,459,Social,Social_interaction,9.119999999991705,1,2.5-5.0min,285.24044799999956
W2,459,Social,Social_interaction,0.8799999999991996,1,2.5-5.0min,295.5604480000002
W2,459,Novel,Novel_interaction,1.0399999999990541,0,0.0-2.5min,1.7200000000002547
W2,459,Novel,Novel_interaction,2.5999999999976353,0,0.0-2.5min,88.92009599999983
W2,459,Novel,Novel_interaction,1.4399999999986903,0,0.0-2.5min,124.04012800000055
W2,459,Novel,Novel_interaction,7.079999999993561,0,0.0-2.5min,127.80012799999986
W2,459,Novel,Novel_interaction,0.5199999999995271,1,2.5-5.0min,199.16016000000036
W2,459,Novel,Novel_interaction,1.6399999999985084,1,2.5-5.0min,295.7202560000005
W2,459,Novel,Social_interaction,0.5999999999994543,0,0.0-2.5min,17.24000000000069
W2,459,Novel,Social_interaction,8.679999999992106,0,0.0-2.5min,23.11999999999989
W2,459,Novel,Social_interaction,1.9599999999982174,0,0.0-2.5min,41.44003200000043
W2,459,Novel,Social_interaction,3.159999999997126,0,0.0-2.5min,52.960031999999956
W2,459,Novel,Social_interaction,14.839999999986503,0,0.0-2.5min,59.32006400000046
W2,459,Novel,Social_interaction,0.8799999999991996,0,0.0-2.5min,104.20009600000049
W2,459,Novel,Social_interaction,4.19999999999618,0,0.0-2.5min,141.12012800000048
W2,459,Novel,Social_interaction,0.8799999999991996,1,2.5-5.0min,176.08016000000043
W2,459,Novel,Social_interaction,2.0399999999981446,1,2.5-5.0min,224.44019200000002
W2,459,Novel,Social_interaction,6.239999999994325,1,2.5-5.0min,228.32019200000013
W2,398,Social,Novel_interaction,2.2800000000497676,0,0.0-2.5min,13.319999999999709
W2,398,Social,Novel_interaction,7.040000000153668,0,0.0-2.5min,46.20003199999883
W2,398,Social,Novel_interaction,0.7200000000157161,0,0.0-2.5min,133.84003200000006
W2,398,Social,Novel_interaction,1.9600000000427826,1,2.5-5.0min,153.8000319999992
W2,398,Social,Novel_interaction,2.400000000052387,1,2.5-5.0min,204.12006399999882
W2,398,Social,Novel_interaction,1.6000000000349246,1,2.5-5.0min,208.72006399999918
W2,398,Social,Novel_interaction,14.76000000032218,1,2.5-5.0min,275.68009600000005
W2,398,Social,Novel_interaction,0.6400000000139698,1,2.5-5.0min,299.24009599999954
W2,398,Social,Social_interaction,4.040000000088185,0,0.0-2.5min,79.68003200000021
W2,398,Social,Social_interaction,0.8400000000183354,0,0.0-2.5min,91.28003200000057
W2,398,Social,Social_interaction,4.6800000001021544,0,0.0-2.5min,93.48003199999948
W2,398,Social,Social_interaction,4.400000000096043,0,0.0-2.5min,116.72003199999926
W2,398,Social,Social_interaction,4.0000000000873115,1,2.5-5.0min,234.44006400000035
W2,398,Social,Social_interaction,1.1200000000244472,1,2.5-5.0min,242.0400639999989
W2,398,Social,Social_interaction,2.040000000044529,1,2.5-5.0min,247.92009599999983
W2,398,Social,Social_interaction,2.5600000000558794,1,2.5-5.0min,251.5200960000002
W2,398,Novel,Novel_interaction,3.440000000075088,0,0.0-2.5min,0.7600000000002183
W2,398,Novel,Novel_interaction,2.800000000061118,0,0.0-2.5min,9.479999999999563
W2,398,Novel,Novel_interaction,3.4000000000742148,0,0.0-2.5min,13.840000000000146
W2,398,Novel,Novel_interaction,1.6000000000349246,0,0.0-2.5min,33.20003200000065
W2,398,Novel,Novel_interaction,20.120000000439177,0,0.0-2.5min,43.2400319999997
W2,398,Novel,Novel_interaction,8.280000000180735,0,0.0-2.5min,66.80003199999919
W2,398,Novel,Novel_interaction,18.320000000399887,0,0.0-2.5min,137.92012799999975
W2,398,Novel,Novel_interaction,9.64000000021042,1,2.5-5.0min,164.72016000000076
W2,398,Novel,Novel_interaction,2.160000000047148,1,2.5-5.0min,184.60019199999988
W2,398,Novel,Novel_interaction,10.960000000239233,1,2.5-5.0min,194.88019200000053
W2,398,Novel,Novel_interaction,7.160000000156288,1,2.5-5.0min,245.60025599999972
W2,398,Novel,Novel_interaction,17.20000000037544,1,2.5-5.0min,254.04028800000015
W2,398,Novel,Novel_interaction,8.320000000181608,1,2.5-5.0min,274.84031999999934
W2,398,Novel,Social_interaction,20.80000000045402,0,0.0-2.5min,108.56009599999925
W2,398,Novel,Social_interaction,4.080000000089058,1,2.5-5.0min,212.88022400000045
W2,398,Novel,Social_interaction,6.280000000137079,1,2.5-5.0min,231.7202240000006
W2,400,Social,Novel_interaction,2.5200000000550062,0,0.0-2.5min,13.600000000000364
W2,400,Social,Novel_interaction,0.3200000000069849,0,0.0-2.5min,21.280000000000655
W2,400,Social,Novel_interaction,1.4400000000314321,0,0.0-2.5min,22.920000000000073
W2,400,Social,Novel_interaction,6.0800000001327135,0,0.0-2.5min,50.36000000000058
W2,400,Social,Novel_interaction,5.0400000001100125,0,0.0-2.5min,61.48003199999948
W2,400,Social,Novel_interaction,4.320000000094296,0,0.0-2.5min,74.80003199999919
W2,400,Social,Novel_interaction,2.0000000000436557,0,0.0-2.5min,80.32003199999963
W2,400,Social,Novel_interaction,14.880000000324799,0,0.0-2.5min,83.76006400000006
W2,400,Social,Novel_interaction,3.6400000000794535,0,0.0-2.5min,101.24006399999962
W2,400,Social,Novel_interaction,6.640000000144937,0,0.0-2.5min,133.36009600000034
W2,400,Social,Novel_interaction,5.080000000110886,1,2.5-5.0min,230.12022400000023
W2,400,Social,Novel_interaction,47.720000001041626,1,2.5-5.0min,237.9202239999995
W2,400,Social,Novel_interaction,0.680000000014843,1,2.5-5.0min,292.80028800000036
W2,400,Social,Social_interaction,0.4800000000104774,1,2.5-5.0min,162.04012800000055
W2,400,Social,Social_interaction,16.9600000003702,1,2.5-5.0min,164.40015999999923
W2,400,Social,Social_interaction,9.12000000019907,1,2.5-5.0min,197.0401920000004
W2,400,Novel,Novel_interaction,15.040000000328291,1,2.5-5.0min,201.60028799999964
W2,400,Novel,Novel_interaction,2.6800000000584987,1,2.5-5.0min,219.52031999999963
W2,400,Novel,Novel_interaction,45.72000000099797,1,2.5-5.0min,227.0003519999991
W2,400,Novel,Novel_interaction,9.360000000204309,1,2.5-5.0min,274.36041599999953
W2,400,Novel,Novel_interaction,3.3200000000724685,1,2.5-5.0min,291.48044800000025
W2,400,Novel,Novel_interaction,0.9600000000209548,1,2.5-5.0min,298.9204800000007
W2,400,Novel,Social_interaction,3.440000000075088,0,0.0-2.5min,12.880031999999119
W2,400,Novel,Social_interaction,1.8400000000401633,0,0.0-2.5min,17.920031999999992
W2,400,Novel,Social_interaction,10.760000000234868,0,0.0-2.5min,22.68006400000013
W2,400,Novel,Social_interaction,7.920000000172877,0,0.0-2.5min,34.80006399999911
W2,400,Novel,Social_interaction,20.28000000044267,0,0.0-2.5min,43.760095999999976
W2,400,Novel,Social_interaction,1.2400000000270666,0,0.0-2.5min,65.96012800000062
W2,400,Novel,Social_interaction,6.280000000137079,0,0.0-2.5min,78.4401600000001
W2,400,Novel,Social_interaction,12.160000000265427,0,0.0-2.5min,87.08015999999952
W2,400,Novel,Social_interaction,6.960000000151922,0,0.0-2.5min,122.48015999999916
W2,400,Novel,Social_interaction,0.4800000000104774,0,0.0-2.5min,131.52019199999995
W2,400,Novel,Social_interaction,1.3200000000288128,0,0.0-2.5min,144.20019200000024
W2,400,Novel,Social_interaction,1.8400000000401633,0,0.0-2.5min,149.32019199999922
W2,400,Novel,Social_interaction,2.2800000000497676,1,2.5-5.0min,155.40019199999915
W2,400,Novel,Social_interaction,16.84000000036758,1,2.5-5.0min,168.40022399999907
