method,trial_key,mouse_id,genotype,trial_type,timepoint,analysis_window,duration_s,n_peaks,transient_freq_per_sec,transient_freq_per_min,mean_peak_amp_z,median_peak_amp_z,trial_mean_z,mean_absolute_deviation,threshold_z,n_social_bouts
whole_trial_mean_MAD,Preinduction__ID376_NE__3CT_FP1_1__3CT_Preinduction-Trial_____3,376,NE,Social,Preinduction,Entire_trial,299.87984000000006,92,0.30678954610620035,18.40737276637202,1.9989379423336897,1.5679726410436927,0.0,0.7116199755357224,1.0674299633035838,11
whole_trial_mean_MAD,Preinduction__ID376_NE__3CT_FP1_1__3CT_Preinduction-Trial_____3,376,NE,Social,Preinduction,Social_interaction,81.82000000000002,42,0.5133219261794181,30.799315570765085,2.3551601623610137,1.8766264257041518,0.0,0.7116199755357224,1.0674299633035838,11
whole_trial_mean_MAD,Preinduction__ID376_NE__3CT_FP2_1__3CT_Preinduction-Trial_____4,376,NE,Novel,Preinduction,Entire_trial,299.8397439999999,89,0.29682522674512435,17.809513604707462,2.0481908566746942,1.5979815063813032,-2.0850927286544222e-17,0.7124421463483968,1.0686632195225951,7
whole_trial_mean_MAD,Preinduction__ID376_NE__3CT_FP2_1__3CT_Preinduction-Trial_____4,376,NE,Novel,Preinduction,Social_interaction,16.200000000000014,14,0.8641975308641968,51.85185185185181,3.064485120583786,1.976933574471265,-2.0850927286544222e-17,0.7124421463483968,1.0686632195225951,7
whole_trial_mean_MAD,Preinduction__ID372_NE__3CT_FP_2_1__3CT_Preinduction-Trial_____8,372,NE,Social,Preinduction,Entire_trial,299.83971199999996,85,0.2834847973706699,17.009087842240195,2.215003343066546,1.9637921192523764,2.179869670865987e-17,0.7783003212318976,1.1674504818478464,3
whole_trial_mean_MAD,Preinduction__ID372_NE__3CT_FP_2_1__3CT_Preinduction-Trial_____8,372,NE,Social,Preinduction,Social_interaction,21.059999999999974,9,0.4273504273504279,25.641025641025674,3.666475605609914,3.67640022791685,2.179869670865987e-17,0.7783003212318976,1.1674504818478464,3
whole_trial_mean_MAD,Preinduction__ID372_NE__3CT_FP_3_1__3CT_Preinduction-Trial_____9,372,NE,Novel,Preinduction,Entire_trial,299.83968000000004,80,0.26680924952961527,16.008554971776917,1.9854597442032653,1.711971553566695,-1.1373233065387759e-17,0.7605407668067224,1.1408111502100837,5
whole_trial_mean_MAD,Preinduction__ID372_NE__3CT_FP_3_1__3CT_Preinduction-Trial_____9,372,NE,Novel,Preinduction,Social_interaction,25.93999999999999,17,0.6553585196607559,39.321511179645356,2.708623320411344,2.330276068974358,-1.1373233065387759e-17,0.7605407668067224,1.1408111502100837,5
whole_trial_mean_MAD,Preinduction__ID374_WT__3CT_FP_5_1__3CT_Preinduction-Trial____11,374,WT,Social,Preinduction,Entire_trial,299.83967999999913,99,0.3301764462928999,19.81058677757399,2.05090844054011,1.67869427544966,-3.791077688462586e-17,0.7360923575041183,1.1041385362561775,9
whole_trial_mean_MAD,Preinduction__ID374_WT__3CT_FP_5_1__3CT_Preinduction-Trial____11,374,WT,Social,Preinduction,Social_interaction,72.47999999999996,25,0.3449227373068435,20.69536423841061,2.602137313693384,2.6354173201754176,-3.791077688462586e-17,0.7360923575041183,1.1041385362561775,9
whole_trial_mean_MAD,Preinduction__ID374_WT__3CT_FP_6_1__3CT_Preinduction-Trial____12,374,WT,Novel,Preinduction,Entire_trial,299.8795199999986,109,0.3634793066228748,21.80875839737249,2.196183348545401,2.0734651061090084,1.5162288306430518e-17,0.7545071021916155,1.1317606532874234,5
whole_trial_mean_MAD,Preinduction__ID374_WT__3CT_FP_6_1__3CT_Preinduction-Trial____12,374,WT,Novel,Preinduction,Social_interaction,10.860000000000028,3,0.27624309392265123,16.574585635359075,2.6306892157049937,2.6719958063080917,1.5162288306430518e-17,0.7545071021916155,1.1317606532874234,5
whole_trial_mean_MAD,Preinduction__ID429_WT__3CT_FP_8_1__3CT_Preinduction-Trial____14,429,WT,Social,Preinduction,Entire_trial,299.8798399999996,89,0.29678553916795514,17.807132350077307,1.964427819382505,1.7167978941350035,-1.5162288306430518e-17,0.7582339260644324,1.1373508890966486,11
whole_trial_mean_MAD,Preinduction__ID429_WT__3CT_FP_8_1__3CT_Preinduction-Trial____14,429,WT,Social,Preinduction,Social_interaction,76.27999999999997,28,0.3670686942842162,22.02412165705297,2.3739611831730856,2.0714530042839696,-1.5162288306430518e-17,0.7582339260644324,1.1373508890966486,11
whole_trial_mean_MAD,Preinduction__ID429_WT__3CT_FP_9_1__3CT_Preinduction-Trial____15,429,WT,Novel,Preinduction,Entire_trial,299.87974399999985,92,0.3067896443182239,18.407378659093435,1.9001103638036971,1.62798071938401,7.581144153215259e-18,0.760168383326889,1.1402525749903334,5
whole_trial_mean_MAD,Preinduction__ID429_WT__3CT_FP_9_1__3CT_Preinduction-Trial____15,429,WT,Novel,Preinduction,Social_interaction,20.799999999999997,7,0.33653846153846156,20.192307692307693,2.423329394504763,2.00809108167791,7.581144153215259e-18,0.760168383326889,1.1402525749903334,5
whole_trial_mean_MAD,Preinduction__ID423_NE__3CT_FP_11_1__3CT_Preinduction-Trial____17,423,NE,Social,Preinduction,Entire_trial,299.8799679999993,82,0.2734427395963981,16.406564375783887,2.2498496310516165,1.867024743884962,2.274343245964578e-17,0.7230004255749068,1.0845006383623603,13
whole_trial_mean_MAD,Preinduction__ID423_NE__3CT_FP_11_1__3CT_Preinduction-Trial____17,423,NE,Social,Preinduction,Social_interaction,77.66,39,0.5021890291012104,30.131341746072625,2.518875535293484,2.2099927914294804,2.274343245964578e-17,0.7230004255749068,1.0845006383623603,13
whole_trial_mean_MAD,Preinduction__ID423_NE__3CT_FP_12_1__3CT_Preinduction-Trial____18,423,NE,Novel,Preinduction,Entire_trial,299.8402239999996,88,0.29348964200346955,17.609378520208175,2.11770771811819,1.7155619324817515,7.582155376925172e-18,0.7643971362852092,1.1465957044278139,3
whole_trial_mean_MAD,Preinduction__ID423_NE__3CT_FP_12_1__3CT_Preinduction-Trial____18,423,NE,Novel,Preinduction,Social_interaction,16.80000000000001,6,0.35714285714285693,21.428571428571416,2.380515655949118,1.628405647457123,7.582155376925172e-18,0.7643971362852092,1.1465957044278139,3
whole_trial_mean_MAD,Preinduction__ID584_NE__3CT_FP13_3__3CT_Preinduction_C3_check_arena_settings-Trial____15,584,NE,Hab,Preinduction,Entire_trial,299.84031999999934,92,0.30682998203844036,18.409798922306422,2.1837738715348,2.050501111125045,1.5164310753850343e-17,0.7760288033279787,1.1640432049919682,4
whole_trial_mean_MAD,Preinduction__ID584_NE__3CT_FP13_3__3CT_Preinduction_C3_check_arena_settings-Trial____15,584,NE,Hab,Preinduction,Social_interaction,15.059999999999981,12,0.796812749003985,47.8087649402391,2.48870066359115,2.0894716614146134,1.5164310753850343e-17,0.7760288033279787,1.1640432049919682,4
whole_trial_mean_MAD,Preinduction__ID584_NE__3CT_FP14_3__3CT_Preinduction_C3_check_arena_settings-Trial____16,584,NE,Social,Preinduction,Entire_trial,299.8799680000011,104,0.34680542582957596,20.80832554977456,2.1710555941634797,1.9522159356480964,3.790572076607629e-18,0.7554362907812205,1.1331544361718309,13
whole_trial_mean_MAD,Preinduction__ID584_NE__3CT_FP14_3__3CT_Preinduction_C3_check_arena_settings-Trial____16,584,NE,Social,Preinduction,Social_interaction,91.01999999999998,35,0.38453087233575045,23.07185234014503,2.4428687666970177,2.232865904223238,3.790572076607629e-18,0.7554362907812205,1.1331544361718309,13
whole_trial_mean_MAD,Preinduction__ID584_NE__3CT_FP15_3__3CT_Preinduction_C3_check_arena_settings-Trial____17,584,NE,Novel,Preinduction,Entire_trial,299.8401279999998,93,0.310165289150357,18.609917349021423,2.2955478397745614,1.871296753575627,-1.5164310753850343e-17,0.7162955996855678,1.0744433995283518,5
whole_trial_mean_MAD,Preinduction__ID584_NE__3CT_FP15_3__3CT_Preinduction_C3_check_arena_settings-Trial____17,584,NE,Novel,Preinduction,Social_interaction,18.779999999999966,3,0.1597444089456872,9.584664536741233,1.3196654647720554,1.243891609645366,-1.5164310753850343e-17,0.7162955996855678,1.0744433995283518,5
whole_trial_mean_MAD,Preinduction__ID450_NE__3CT_FP16_3__3CT_Preinduction_C3_check_arena_settings-Trial____18,450,NE,Hab,Preinduction,Entire_trial,299.88019200000053,82,0.27344253534424795,16.406552120654876,1.69652681429498,1.5639024140435107,-1.5162288306430518e-17,0.772208453391117,1.1583126800866754,5
whole_trial_mean_MAD,Preinduction__ID450_NE__3CT_FP16_3__3CT_Preinduction_C3_check_arena_settings-Trial____18,450,NE,Hab,Preinduction,Social_interaction,9.440000000000005,4,0.4237288135593218,25.423728813559308,1.5206867207029664,1.4857081454980803,-1.5162288306430518e-17,0.772208453391117,1.1583126800866754,5
whole_trial_mean_MAD,Preinduction__ID450_NE__3CT_FP18_3__3CT_Preinduction_C3_check_arena_settings-Trial____20,450,NE,Social,Preinduction,Entire_trial,299.84019199999966,87,0.2901545634015606,17.409273804093637,1.6509050319979015,1.57878041643798,-7.582155376925172e-18,0.8079321627210081,1.211898244081512,13
whole_trial_mean_MAD,Preinduction__ID450_NE__3CT_FP18_3__3CT_Preinduction_C3_check_arena_settings-Trial____20,450,NE,Social,Preinduction,Social_interaction,71.54,18,0.25160749231199325,15.096449538719595,1.7370088869646936,1.6024637556995691,-7.582155376925172e-18,0.8079321627210081,1.211898244081512,13
whole_trial_mean_MAD,Preinduction__ID450_NE__3CT_FP19_3__3CT_Preinduction_C3_check_arena_settings-Trial____21,450,NE,Novel,Preinduction,Entire_trial,299.8405759999987,85,0.2834839805003589,17.009038830021534,1.7868807071534654,1.6231014788368785,5.3075087638476207e-17,0.8052690025882839,1.207903503882426,3
whole_trial_mean_MAD,Preinduction__ID450_NE__3CT_FP19_3__3CT_Preinduction_C3_check_arena_settings-Trial____21,450,NE,Novel,Preinduction,Social_interaction,7.78000000000003,2,0.25706940874035894,15.424164524421537,1.6390162468020286,1.6390162468020286,5.3075087638476207e-17,0.8052690025882839,1.207903503882426,3
whole_trial_mean_MAD,Preinduction__ID597_NE__3CT_FP26_3__3CT_Preinduction_C3_check_arena_settings-Trial____28,597,NE,Hab,Preinduction,Entire_trial,299.84080000000176,82,0.27347845923569947,16.40870755414197,2.0945885964490927,1.9100712616201365,0.0,0.7733797255917805,1.1600695883876706,6
whole_trial_mean_MAD,Preinduction__ID597_NE__3CT_FP26_3__3CT_Preinduction_C3_check_arena_settings-Trial____28,597,NE,Hab,Preinduction,Social_interaction,31.84000000000004,24,0.7537688442211046,45.226130653266274,2.091649379447424,1.8074816277871175,0.0,0.7733797255917805,1.1600695883876706,6
whole_trial_mean_MAD,Preinduction__ID597_NE__3CT_FP28_3__3CT_Preinduction_C3_check_arena_settings-Trial____30,597,NE,Social,Preinduction,Entire_trial,299.84092800000144,91,0.3034942581287621,18.209655487725726,2.088314023953726,1.8756718176420355,3.0328621507700686e-17,0.7570449899846998,1.1355674849770496,17
whole_trial_mean_MAD,Preinduction__ID597_NE__3CT_FP28_3__3CT_Preinduction_C3_check_arena_settings-Trial____30,597,NE,Social,Preinduction,Social_interaction,87.66000000000004,40,0.4563084645220167,27.378507871321002,2.390124359481617,2.1339155319634555,3.0328621507700686e-17,0.7570449899846998,1.1355674849770496,17
whole_trial_mean_MAD,Preinduction__ID597_NE__3CT_FP29_3__3CT_Preinduction_C3_check_arena_settings-Trial____31,597,NE,Novel,Preinduction,Entire_trial,299.88086399999884,103,0.34346973203331976,20.608183921999185,2.079634930517625,1.921351971042568,-7.581144153215259e-18,0.7715441666298728,1.157316249944809,4
whole_trial_mean_MAD,Preinduction__ID597_NE__3CT_FP29_3__3CT_Preinduction_C3_check_arena_settings-Trial____31,597,NE,Novel,Preinduction,Social_interaction,24.659999999999997,13,0.5271695052716951,31.630170316301708,1.980050038667174,1.7880811111967103,-7.581144153215259e-18,0.7715441666298728,1.157316249944809,4
whole_trial_mean_MAD,Preinduction__ID463_WT__3CT_FP4_2__3CT_Preinduction_cohort2_FP-Trial_____6,463,WT,Social,Preinduction,Entire_trial,299.83987200000047,88,0.293489986548553,17.60939919291318,1.9938365989724252,1.6858037063397997,-2.464200497500681e-17,0.7385839212142958,1.1078758818214438,4
whole_trial_mean_MAD,Preinduction__ID463_WT__3CT_FP4_2__3CT_Preinduction_cohort2_FP-Trial_____6,463,WT,Social,Preinduction,Social_interaction,45.116000000000014,29,0.6427874811596771,38.567248869580624,2.5938805399330382,2.2087036328919836,-2.464200497500681e-17,0.7385839212142958,1.1078758818214438,4
whole_trial_mean_MAD,Preinduction__ID463_WT__3CT_FP5_2__3CT_Preinduction_cohort2_FP-Trial_____7,463,WT,Novel,Preinduction,Entire_trial,299.8397760000007,73,0.243463362245841,14.60780173475046,2.1173116671890244,1.711192927278754,-2.2746466130775518e-17,0.7517488565289121,1.1276232847933683,11
whole_trial_mean_MAD,Preinduction__ID463_WT__3CT_FP5_2__3CT_Preinduction_cohort2_FP-Trial_____7,463,WT,Novel,Preinduction,Social_interaction,49.83799999999995,28,0.5618202977647584,33.709217865885506,2.422340972380647,2.2724139809143313,-2.2746466130775518e-17,0.7517488565289121,1.1276232847933683,11
whole_trial_mean_MAD,Preinduction__ID459_NE__3CT_FP7_2__3CT_Preinduction_cohort2_FP-Trial_____9,459,NE,Social,Preinduction,Entire_trial,299.87974399999985,68,0.22675756319173074,13.605453791503844,1.9515495769892426,1.6520040764557433,-3.0324576612861035e-17,0.7573281926209093,1.135992288931364,7
whole_trial_mean_MAD,Preinduction__ID459_NE__3CT_FP7_2__3CT_Preinduction_cohort2_FP-Trial_____9,459,NE,Social,Preinduction,Social_interaction,33.632,18,0.5352045670789725,32.11227402473835,2.265699227663615,2.090594257468574,-3.0324576612861035e-17,0.7573281926209093,1.135992288931364,7
whole_trial_mean_MAD,Preinduction__ID459_NE__3CT_FP8_2__3CT_Preinduction_cohort2_FP-Trial____10,459,NE,Novel,Preinduction,Entire_trial,299.8798079999997,78,0.2601042081499535,15.60625248899721,1.9764361036197546,1.7897031930624605,-3.0324576612861035e-17,0.7845939890392788,1.176890983558918,6
whole_trial_mean_MAD,Preinduction__ID459_NE__3CT_FP8_2__3CT_Preinduction_cohort2_FP-Trial____10,459,NE,Novel,Preinduction,Social_interaction,37.53299999999999,13,0.3463618682226309,20.781712093357854,1.977300200134887,1.9220434309214087,-3.0324576612861035e-17,0.7845939890392788,1.176890983558918,6
whole_trial_mean_MAD,Preinduction__ID398_NE__3CT_FP10_2__3CT_Preinduction_cohort2_FP-Trial____12,398,NE,Social,Preinduction,Entire_trial,299.8403520000011,83,0.27681397599212965,16.60883855952778,2.152859363068634,1.7651438033324813,3.791077688462586e-18,0.7295821826840175,1.0943732740260264,5
whole_trial_mean_MAD,Preinduction__ID398_NE__3CT_FP10_2__3CT_Preinduction_cohort2_FP-Trial____12,398,NE,Social,Preinduction,Social_interaction,21.707000000000008,12,0.5528170636200302,33.16902381720182,2.633306916643465,2.520453210511211,3.791077688462586e-18,0.7295821826840175,1.0943732740260264,5
whole_trial_mean_MAD,Preinduction__ID398_NE__3CT_FP11_2__3CT_Preinduction_cohort2_FP-Trial____13,398,NE,Novel,Preinduction,Entire_trial,299.84003200000006,81,0.2701440480102403,16.208642880614416,2.1500785545249887,1.9718309594992207,0.0,0.7763276829247048,1.1644915243870573,1
whole_trial_mean_MAD,Preinduction__ID398_NE__3CT_FP11_2__3CT_Preinduction_cohort2_FP-Trial____13,398,NE,Novel,Preinduction,Social_interaction,2.040999999999997,3,1.4698677119059307,88.19206271435584,2.870585170098625,3.216206453126319,0.0,0.7763276829247048,1.1644915243870573,1
whole_trial_mean_MAD,Preinduction__ID400_NE__3CT_FP13_2__3CT_Preinduction_cohort2_FP-Trial____15,400,NE,Social,Preinduction,Entire_trial,299.8394560000015,68,0.22678803152577642,13.607281891546585,1.8601413017012345,1.6977864067344917,0.0,0.817065692616401,1.2255985389246016,9
whole_trial_mean_MAD,Preinduction__ID400_NE__3CT_FP13_2__3CT_Preinduction_cohort2_FP-Trial____15,400,NE,Social,Preinduction,Social_interaction,50.136999999999986,10,0.19945349741707727,11.967209845024636,1.8130471619224107,1.6274701665843954,0.0,0.817065692616401,1.2255985389246016,9
whole_trial_mean_MAD,Preinduction__ID400_NE__3CT_FP14_2__3CT_Preinduction_cohort2_FP-Trial____16,400,NE,Novel,Preinduction,Entire_trial,299.83952000000136,79,0.2634742745052408,15.808456470314448,1.7748769014698318,1.5784831304103726,-6.065724301540137e-17,0.7989373754674625,1.1984060632011937,6
whole_trial_mean_MAD,Preinduction__ID400_NE__3CT_FP14_2__3CT_Preinduction_cohort2_FP-Trial____16,400,NE,Novel,Preinduction,Social_interaction,50.055999999999976,3,0.05993287517979865,3.5959725107879192,1.525384235026482,1.6391495061852182,-6.065724301540137e-17,0.7989373754674625,1.1984060632011937,6
whole_trial_mean_MAD,W1__ID376_NE__3CT_FP1_1__3CT_W1_retracked-Trial_____4,376,NE,Social,W1,Entire_trial,299.8796480000001,73,0.243430991355572,14.60585948133432,2.2678289725489313,1.8680734233387286,-1.5162288306430518e-17,0.7191098254993654,1.0786647382490482,13
whole_trial_mean_MAD,W1__ID376_NE__3CT_FP1_1__3CT_W1_retracked-Trial_____4,376,NE,Social,W1,Social_interaction,46.715999999999944,27,0.5779604418186496,34.67762650911897,2.9240577147656457,2.654979721830423,-1.5162288306430518e-17,0.7191098254993654,1.0786647382490482,13
whole_trial_mean_MAD,W1__ID376_NE__3CT_FP2_1__3CT_W1_retracked-Trial_____5,376,NE,Novel,W1,Entire_trial,299.8394880000001,76,0.25346894935999886,15.208136961599932,2.2374050484670867,1.7777913335580515,-1.5164310753850343e-17,0.7114413520909614,1.067162028136442,3
whole_trial_mean_MAD,W1__ID376_NE__3CT_FP2_1__3CT_W1_retracked-Trial_____5,376,NE,Novel,W1,Social_interaction,10.282999999999987,6,0.5834873091510266,35.0092385490616,3.251932847476748,2.9223298211222577,-1.5164310753850343e-17,0.7114413520909614,1.067162028136442,3
whole_trial_mean_MAD,W1__ID372_NE__3CT_FP4_1__3CT_W1_retracked-Trial_____7,372,NE,Social,W1,Entire_trial,299.8399359999994,85,0.2834845855890263,17.009075135341575,1.9769494722258865,1.7135777146661262,-1.5164310753850343e-17,0.7833984280915313,1.175097642137297,6
whole_trial_mean_MAD,W1__ID372_NE__3CT_FP4_1__3CT_W1_retracked-Trial_____7,372,NE,Social,W1,Social_interaction,20.60800000000001,14,0.6793478260869562,40.76086956521737,2.190132029238804,2.004244984248267,-1.5164310753850343e-17,0.7833984280915313,1.175097642137297,6
whole_trial_mean_MAD,W1__ID372_NE__3CT_FP5_1__3CT_W1_retracked-Trial_____8,372,NE,Novel,W1,Entire_trial,299.8397440000008,73,0.24346338822914618,14.60780329374877,2.1488720250737785,1.6596167712983276,3.791077688462586e-18,0.7045566101806509,1.0568349152709762,3
whole_trial_mean_MAD,W1__ID372_NE__3CT_FP5_1__3CT_W1_retracked-Trial_____8,372,NE,Novel,W1,Social_interaction,12.584000000000032,1,0.07946598855689745,4.767959313413847,1.7778065866999164,1.7778065866999164,3.791077688462586e-18,0.7045566101806509,1.0568349152709762,3
whole_trial_mean_MAD,W1__ID374_WT__3CT_FP7_1__3CT_W1_retracked-Trial____10,374,WT,Social,W1,Entire_trial,299.84003200000006,95,0.31683561186386205,19.010136711831723,2.190328158963225,1.9508601220192923,2.8433082663469396e-17,0.7576484032806514,1.1364726049209772,4
whole_trial_mean_MAD,W1__ID374_WT__3CT_FP7_1__3CT_W1_retracked-Trial____10,374,WT,Social,W1,Social_interaction,13.343000000000014,7,0.5246196507532034,31.4771790451922,2.8915870318109715,2.2381774900374354,2.8433082663469396e-17,0.7576484032806514,1.1364726049209772,4
whole_trial_mean_MAD,W1__ID374_WT__3CT_FP9_1__3CT_W1_retracked-Trial____12,374,WT,Novel,W1,Entire_trial,299.84003200000006,96,0.32017072356769216,19.21024341406153,2.133773781692256,1.836911256352355,-1.7059849598081636e-17,0.7238777303726821,1.085816595559023,2
whole_trial_mean_MAD,W1__ID374_WT__3CT_FP9_1__3CT_W1_retracked-Trial____12,374,WT,Novel,W1,Social_interaction,9.544000000000011,3,0.31433361274098875,18.860016764459324,2.1804236900165184,1.4888162819403281,-1.7059849598081636e-17,0.7238777303726821,1.085816595559023,2
whole_trial_mean_MAD,W1__ID429_WT__3CT_FP11_1__3CT_W1_retracked-Trial____14,429,WT,Social,W1,Entire_trial,299.8402240000014,103,0.34351628552678615,20.610977131607168,2.004691107674804,1.7858889730234595,2.2746466130775518e-17,0.753944913313238,1.130917369969857,11
whole_trial_mean_MAD,W1__ID429_WT__3CT_FP11_1__3CT_W1_retracked-Trial____14,429,WT,Social,W1,Social_interaction,50.65799999999999,23,0.4540250305973391,27.241501835840346,2.5922052611216038,2.1744045601179707,2.2746466130775518e-17,0.753944913313238,1.130917369969857,11
whole_trial_mean_MAD,W1__ID429_WT__3CT_FP12_1__3CT_W1_retracked-Trial____15,429,WT,Novel,W1,Entire_trial,299.88022400000045,80,0.2667731767467263,16.006390604803578,2.3536655074943127,2.1145580757215785,-2.653400453625341e-17,0.7286893500132484,1.0930340250198727,5
whole_trial_mean_MAD,W1__ID429_WT__3CT_FP12_1__3CT_W1_retracked-Trial____15,429,WT,Novel,W1,Social_interaction,38.69199999999997,16,0.41352217512664147,24.811330507598488,2.4593803671903176,2.2288340395505424,-2.653400453625341e-17,0.7286893500132484,1.0930340250198727,5
whole_trial_mean_MAD,W1__ID423_NE__3CT_FP14_1__3CT_W1_retracked-Trial____17,423,NE,Social,W1,Entire_trial,299.8402559999995,88,0.29348961068122936,17.609376640873762,2.0095122230276794,1.68873913794672,2.2746466130775518e-17,0.7370070196235093,1.105510529435264,5
whole_trial_mean_MAD,W1__ID423_NE__3CT_FP14_1__3CT_W1_retracked-Trial____17,423,NE,Social,W1,Social_interaction,23.728000000000023,21,0.8850303438975042,53.10182063385025,2.763931745241295,2.5969541581831677,2.2746466130775518e-17,0.7370070196235093,1.105510529435264,5
whole_trial_mean_MAD,W1__ID423_NE__3CT_FP16_1__3CT_W1_retracked-Trial____18,423,NE,Novel,W1,Entire_trial,299.84003200000006,79,0.26347382460258,15.808429476154801,2.0746790589764488,1.6370644922869075,3.791077688462586e-18,0.7011717720605439,1.051757658090816,4
whole_trial_mean_MAD,W1__ID423_NE__3CT_FP16_1__3CT_W1_retracked-Trial____18,423,NE,Novel,W1,Social_interaction,35.33199999999998,17,0.48115023208422986,28.869013925053792,2.756640370559733,2.4955997557329916,3.791077688462586e-18,0.7011717720605439,1.051757658090816,4
whole_trial_mean_MAD,W1__ID584_NE__3CT_FP12_3__3CT_W1_C3-Trial____15,584,NE,Hab,W1,Entire_trial,299.8402239999996,104,0.3468513950950095,20.81108370570057,2.042932473137212,1.7953760106754666,0.0,0.7899644511175752,1.1849466766763628,8
whole_trial_mean_MAD,W1__ID584_NE__3CT_FP12_3__3CT_W1_C3-Trial____15,584,NE,Hab,W1,Social_interaction,56.50000000000004,23,0.4070796460176988,24.42477876106193,1.964341336795234,1.8007229001384255,0.0,0.7899644511175752,1.1849466766763628,8
whole_trial_mean_MAD,W1__ID584_NE__3CT_FP13_3__3CT_W1_C3-Trial____16,584,NE,Social,W1,Entire_trial,299.8402560000013,88,0.2934896106812276,17.609376640873656,2.1306843361063614,1.9746685310185226,0.0,0.7951184254994658,1.1926776382491986,15
whole_trial_mean_MAD,W1__ID584_NE__3CT_FP13_3__3CT_W1_C3-Trial____16,584,NE,Social,W1,Social_interaction,147.49999999999997,44,0.2983050847457628,17.89830508474577,2.1878611736201123,2.0059129841628724,0.0,0.7951184254994658,1.1926776382491986,15
whole_trial_mean_MAD,W1__ID584_NE__3CT_FP14_3__3CT_W1_C3-Trial____17,584,NE,Novel,W1,Entire_trial,299.8400959999999,88,0.2934897672924972,17.609386037549832,2.147939542188389,1.8546486424490904,4.359739341731974e-17,0.7545474993286913,1.1318212489930368,10
whole_trial_mean_MAD,W1__ID584_NE__3CT_FP14_3__3CT_W1_C3-Trial____17,584,NE,Novel,W1,Social_interaction,95.07999999999998,24,0.25241901556583934,15.14514093395036,1.932963573461965,1.92253879291978,4.359739341731974e-17,0.7545474993286913,1.1318212489930368,10
whole_trial_mean_MAD,W1__ID450_NE__3CT_FP19_3__3CT_W1_C3-Trial____23,450,NE,Hab,W1,Entire_trial,299.8407360000001,81,0.2701434137354838,16.208604824129026,1.6966377035227604,1.5953469944379783,5.3075087638476207e-17,0.7683493624979196,1.1525240437468796,8
whole_trial_mean_MAD,W1__ID450_NE__3CT_FP19_3__3CT_W1_C3-Trial____23,450,NE,Hab,W1,Social_interaction,6.179999999999989,0,0.0,0.0,,,5.3075087638476207e-17,0.7683493624979196,1.1525240437468796,8
whole_trial_mean_MAD,W1__ID450_NE__3CT_FP20_3__3CT_W1_C3-Trial____24,450,NE,Social,W1,Entire_trial,299.8806400000003,85,0.28344610709114104,17.006766425468463,1.7303499626576915,1.5400592830889093,5.685858114911445e-17,0.7648134664360868,1.1472201996541302,15
whole_trial_mean_MAD,W1__ID450_NE__3CT_FP20_3__3CT_W1_C3-Trial____24,450,NE,Social,W1,Social_interaction,67.56,12,0.17761989342806395,10.657193605683837,1.6878562388961027,1.5223537555964397,5.685858114911445e-17,0.7648134664360868,1.1472201996541302,15
whole_trial_mean_MAD,W1__ID450_NE__3CT_FP21_3__3CT_W1_C3-Trial____25,450,NE,Novel,W1,Entire_trial,299.840416,73,0.24346284258090142,14.607770554854085,1.7875658272862667,1.6052547221769486,-3.0328621507700686e-17,0.7948664005828624,1.1922996008742937,7
whole_trial_mean_MAD,W1__ID450_NE__3CT_FP21_3__3CT_W1_C3-Trial____25,450,NE,Novel,W1,Social_interaction,51.45999999999995,2,0.03886513797123983,2.33190827827439,1.2932112265914348,1.2932112265914348,-3.0328621507700686e-17,0.7948664005828624,1.1922996008742937,7
whole_trial_mean_MAD,W1__ID597_NE__3CT_FP29_3__3CT_W1_C3-Trial____34,597,NE,Hab,W1,Entire_trial,299.83987200000047,87,0.2901548730650467,17.4092923839028,2.0406592745003684,1.7798702692420123,-3.0328621507700686e-17,0.7670834392912786,1.150625158936918,16
whole_trial_mean_MAD,W1__ID597_NE__3CT_FP29_3__3CT_W1_C3-Trial____34,597,NE,Hab,W1,Social_interaction,66.03999999999999,26,0.3937007874015748,23.62204724409449,1.9871294335244907,1.6885855239451448,-3.0328621507700686e-17,0.7670834392912786,1.150625158936918,16
whole_trial_mean_MAD,W1__ID597_NE__3CT_FP30_3__3CT_W1_C3-Trial____35,597,NE,Social,W1,Entire_trial,299.8399680000002,93,0.3101654546601337,18.60992727960802,2.090408699711067,1.8082513759268966,-1.5164310753850343e-17,0.7541128705052239,1.1311693057578358,15
whole_trial_mean_MAD,W1__ID597_NE__3CT_FP30_3__3CT_W1_C3-Trial____35,597,NE,Social,W1,Social_interaction,67.84,34,0.5011792452830188,30.070754716981128,2.440204032111373,2.1662907606035353,-1.5164310753850343e-17,0.7541128705052239,1.1311693057578358,15
whole_trial_mean_MAD,W1__ID597_NE__3CT_FP31_3__3CT_W1_C3-Trial____36,597,NE,Novel,W1,Entire_trial,299.8402239999996,104,0.3468513950950095,20.81108370570057,2.132030639140446,1.906959768743934,-7.582155376925172e-18,0.789251038293658,1.1838765574404868,6
whole_trial_mean_MAD,W1__ID597_NE__3CT_FP31_3__3CT_W1_C3-Trial____36,597,NE,Novel,W1,Social_interaction,46.51999999999997,21,0.45141874462596765,27.08512467755806,2.37525240146709,2.0213504321500975,-7.582155376925172e-18,0.789251038293658,1.1838765574404868,6
whole_trial_mean_MAD,W1__ID463_WT__3CT_FP4_2__3CT_W1_cohort2_FP-Trial_____6,463,WT,Social,W1,Entire_trial,299.8398079999997,73,0.24346333626254213,14.607800175752528,2.0537403525608466,1.7543947217788567,1.5164310753850343e-17,0.7359631742860201,1.10394476142903,16
whole_trial_mean_MAD,W1__ID463_WT__3CT_FP4_2__3CT_W1_cohort2_FP-Trial_____6,463,WT,Social,W1,Social_interaction,71.42000000000002,43,0.6020722486698402,36.124334920190414,2.3566465830857264,2.1361377080224826,1.5164310753850343e-17,0.7359631742860201,1.10394476142903,16
whole_trial_mean_MAD,W1__ID463_WT__3CT_FP5_2__3CT_W1_cohort2_FP-Trial_____7,463,WT,Novel,W1,Entire_trial,299.8399360000003,71,0.23679300678612714,14.207580407167628,1.9857693006338204,1.6513617523368744,3.0328621507700686e-17,0.7436360911068565,1.1154541366602846,14
whole_trial_mean_MAD,W1__ID463_WT__3CT_FP5_2__3CT_W1_cohort2_FP-Trial_____7,463,WT,Novel,W1,Social_interaction,58.559999999999995,24,0.4098360655737705,24.59016393442623,2.301963817383863,2.135882014610724,3.0328621507700686e-17,0.7436360911068565,1.1154541366602846,14
whole_trial_mean_MAD,W1__ID459_NE__3CT_FP7_2__3CT_W1_cohort2_FP-Trial_____9,459,NE,Social,W1,Entire_trial,299.8801919999996,94,0.31345851612633396,18.807510967580036,1.863504973660062,1.7110156307057327,0.0,0.8017535084166457,1.2026302626249685,8
whole_trial_mean_MAD,W1__ID459_NE__3CT_FP7_2__3CT_W1_cohort2_FP-Trial_____9,459,NE,Social,W1,Social_interaction,23.78000000000002,19,0.7989907485281743,47.93944491169046,2.1840471631284326,2.0398779673374623,0.0,0.8017535084166457,1.2026302626249685,8
whole_trial_mean_MAD,W1__ID459_NE__3CT_FP8_2__3CT_W1_cohort2_FP-Trial____10,459,NE,Novel,W1,Entire_trial,299.84000000000015,77,0.2568036286019209,15.408217716115255,1.9726478654571995,1.9778774305719302,0.0,0.784199254512848,1.1762988817692719,13
whole_trial_mean_MAD,W1__ID459_NE__3CT_FP8_2__3CT_W1_cohort2_FP-Trial____10,459,NE,Novel,W1,Social_interaction,31.93999999999999,13,0.40701314965560437,24.420788979336262,2.041593578297969,2.034957595294639,0.0,0.784199254512848,1.1762988817692719,13
whole_trial_mean_MAD,W1__ID398_NE__3CT_FP10_2__3CT_W1_cohort2_FP-Trial____12,398,NE,Social,W1,Entire_trial,299.88025599999855,87,0.2901157987540214,17.406947925241283,2.019279748530385,1.8087550311753897,1.5162288306430518e-17,0.7671985668650152,1.150797850297523,9
whole_trial_mean_MAD,W1__ID398_NE__3CT_FP10_2__3CT_W1_cohort2_FP-Trial____12,398,NE,Social,W1,Social_interaction,57.34000000000003,49,0.854551796302755,51.273107778165304,2.2533623448920985,2.1341053754186143,1.5162288306430518e-17,0.7671985668650152,1.150797850297523,9
whole_trial_mean_MAD,W1__ID398_NE__3CT_FP11_2__3CT_W1_cohort2_FP-Trial____13,398,NE,Novel,W1,Entire_trial,299.84000000000015,81,0.27014407684098174,16.208644610458904,2.1112173251223303,1.7703664331948723,1.5164310753850343e-17,0.7576147946048171,1.1364221919072257,6
whole_trial_mean_MAD,W1__ID398_NE__3CT_FP11_2__3CT_W1_cohort2_FP-Trial____13,398,NE,Novel,W1,Social_interaction,35.120000000000005,23,0.6548974943052391,39.29384965831435,2.7087731011779086,2.854706304256245,1.5164310753850343e-17,0.7576147946048171,1.1364221919072257,6
whole_trial_mean_MAD,W1__ID400_NE__3CT_FP13_2__3CT_W1_cohort2_FP-Trial____15,400,NE,Social,W1,Entire_trial,299.8399679999984,78,0.2601387684246298,15.608326105477788,1.8896119726926552,1.7353866303983096,-6.065724301540137e-17,0.791781448974096,1.187672173461144,8
whole_trial_mean_MAD,W1__ID400_NE__3CT_FP13_2__3CT_W1_cohort2_FP-Trial____15,400,NE,Social,W1,Social_interaction,44.940000000000055,7,0.15576323987538923,9.345794392523354,2.6952071840937855,2.3197950499756255,-6.065724301540137e-17,0.791781448974096,1.187672173461144,8
whole_trial_mean_MAD,W1__ID400_NE__3CT_FP14_2__3CT_W1_cohort2_FP-Trial____16,400,NE,Novel,W1,Entire_trial,299.8397760000007,74,0.24679847679715392,14.807908607829235,1.8952419470918749,1.734463817838034,3.0328621507700686e-17,0.7994542689264078,1.1991814033896118,2
whole_trial_mean_MAD,W1__ID400_NE__3CT_FP14_2__3CT_W1_cohort2_FP-Trial____16,400,NE,Novel,W1,Social_interaction,40.53999999999999,11,0.27133695115934886,16.280217069560933,1.9728202610053882,1.837260122021703,3.0328621507700686e-17,0.7994542689264078,1.1991814033896118,2
whole_trial_mean_MAD,W2__ID376_NE__3CT_FP1_1__3CT_W2-Trial_____3,376,NE,Social,W2,Entire_trial,299.880032,72,0.24009601279487655,14.405760767692593,2.3206769136225396,1.8584416125662175,-1.5162288306430518e-17,0.7075598761811298,1.0613398142716948,14
whole_trial_mean_MAD,W2__ID376_NE__3CT_FP1_1__3CT_W2-Trial_____3,376,NE,Social,W2,Social_interaction,59.75999999999996,38,0.6358768406961182,38.15261044176709,2.8780486995230197,2.7183847573832347,-1.5162288306430518e-17,0.7075598761811298,1.0613398142716948,14
whole_trial_mean_MAD,W2__ID376_NE__3CT_FP2_1__3CT_W2-Trial_____4,376,NE,Novel,W2,Entire_trial,299.84019199999966,94,0.31350033287065165,18.8100199722391,2.2130790623665693,1.8716171070791425,1.5164310753850343e-17,0.7326432968971018,1.0989649453456527,13
whole_trial_mean_MAD,W2__ID376_NE__3CT_FP2_1__3CT_W2-Trial_____4,376,NE,Novel,W2,Social_interaction,46.45999999999995,25,0.538097287989669,32.28583727938015,2.2898100470019704,1.8859134803479911,1.5164310753850343e-17,0.7326432968971018,1.0989649453456527,13
whole_trial_mean_MAD,W2__ID372_NE__3CT_FP4_1__3CT_W2-Trial_____6,372,NE,Social,W2,Entire_trial,299.87990400000035,82,0.27344279795421006,16.406567877252602,2.0362954350561933,1.7472665892022587,0.0,0.7537591445578026,1.1306387168367038,7
whole_trial_mean_MAD,W2__ID372_NE__3CT_FP4_1__3CT_W2-Trial_____6,372,NE,Social,W2,Social_interaction,46.52000000000004,25,0.5374032674118654,32.24419604471193,2.5488753747862827,2.3397493217084704,0.0,0.7537591445578026,1.1306387168367038,7
whole_trial_mean_MAD,W2__ID372_NE__3CT_FP6_1__3CT_W2-Trial_____8,372,NE,Novel,W2,Entire_trial,299.8801279999998,88,0.2934505883630944,17.607035301785665,2.0235879877823817,1.7855496756472564,7.581144153215259e-18,0.7583183927659494,1.137477589148924,2
whole_trial_mean_MAD,W2__ID372_NE__3CT_FP6_1__3CT_W2-Trial_____8,372,NE,Novel,W2,Social_interaction,2.0800000000000125,2,0.9615384615384558,57.692307692307345,3.5981373050691348,3.5981373050691348,7.581144153215259e-18,0.7583183927659494,1.137477589148924,2
whole_trial_mean_MAD,W2__ID374_WT__3CT_FP8_1__3CT_W2-Trial____10,374,WT,Social,W2,Entire_trial,299.84000000000015,89,0.2968249733191034,17.809498399146204,2.0691319189991164,1.7254613558523288,0.0,0.7392359853928081,1.1088539780892122,10
whole_trial_mean_MAD,W2__ID374_WT__3CT_FP8_1__3CT_W2-Trial____10,374,WT,Social,W2,Social_interaction,66.26000000000002,32,0.48294597041955917,28.97675822517355,2.695283846412245,2.6688395098162587,0.0,0.7392359853928081,1.1088539780892122,10
whole_trial_mean_MAD,W2__ID374_WT__3CT_FP9_1__3CT_W2-Trial____11,374,WT,Novel,W2,Entire_trial,299.88003200000094,98,0.326797350748581,19.60784104491486,2.1148274362215953,1.728022173472752,-3.790572076607629e-18,0.7267357364844886,1.090103604726733,6
whole_trial_mean_MAD,W2__ID374_WT__3CT_FP9_1__3CT_W2-Trial____11,374,WT,Novel,W2,Social_interaction,19.72,14,0.7099391480730224,42.59634888438134,2.3190440375641925,1.9954973024337743,-3.790572076607629e-18,0.7267357364844886,1.090103604726733,6
whole_trial_mean_MAD,W2__ID429_WT__3CT_FP11_1__3CT_W2-Trial____13,429,WT,Social,W2,Entire_trial,299.84019199999966,74,0.24679813438753428,14.807888063252058,2.0487845209231907,1.633759189967638,6.065724301540137e-17,0.6997088666486428,1.0495632999729643,13
whole_trial_mean_MAD,W2__ID429_WT__3CT_FP11_1__3CT_W2-Trial____13,429,WT,Social,W2,Social_interaction,53.89999999999993,22,0.408163265306123,24.48979591836738,2.5718101987492403,2.3849664922735045,6.065724301540137e-17,0.6997088666486428,1.0495632999729643,13
whole_trial_mean_MAD,W2__ID429_WT__3CT_FP12_1__3CT_W2-Trial____14,429,WT,Novel,W2,Entire_trial,299.84044800000083,76,0.25346813782775496,15.208088269665298,2.253048717358272,1.9603884169907577,-3.0328621507700686e-17,0.7395110907794742,1.1092666361692114,7
whole_trial_mean_MAD,W2__ID429_WT__3CT_FP12_1__3CT_W2-Trial____14,429,WT,Novel,W2,Social_interaction,18.87999999999994,11,0.5826271186440697,34.95762711864418,2.822400338219282,2.557771653556491,-3.0328621507700686e-17,0.7395110907794742,1.1092666361692114,7
whole_trial_mean_MAD,W2__ID423_NE__3CT_FP14_1__3CT_W2-Trial____16,423,NE,Social,W2,Entire_trial,299.8402879999994,81,0.27014381736453025,16.208629041871816,2.328627300860534,1.9940318183756371,-1.5164310753850343e-17,0.7346747462051076,1.1020121193076615,11
whole_trial_mean_MAD,W2__ID423_NE__3CT_FP14_1__3CT_W2-Trial____16,423,NE,Social,W2,Social_interaction,33.57999999999993,22,0.6551518761167375,39.30911256700425,3.0873257938892618,3.260816815116428,-1.5164310753850343e-17,0.7346747462051076,1.1020121193076615,11
whole_trial_mean_MAD,W2__ID423_NE__3CT_FP15_1__3CT_W2-Trial____17,423,NE,Novel,W2,Entire_trial,299.84032000000116,97,0.3235055245405275,19.41033147243165,2.1902883270194358,1.8022959905709879,-7.582155376925172e-18,0.7258433256504734,1.08876498847571,7
whole_trial_mean_MAD,W2__ID423_NE__3CT_FP15_1__3CT_W2-Trial____17,423,NE,Novel,W2,Social_interaction,18.399999999999977,13,0.7065217391304357,42.39130434782614,2.5619890695403758,1.9075870055146336,-7.582155376925172e-18,0.7258433256504734,1.08876498847571,7
whole_trial_mean_MAD,W2__ID463_WT__3CT_FP4_2__3CT_W2_C2-Trial_____6,463,WT,Social,W2,Entire_trial,299.84038399999963,69,0.23012243740989902,13.80734624459394,1.9337521042283985,1.6842394047912777,-2.2746466130775518e-17,0.7386638784114143,1.1079958176171214,7
whole_trial_mean_MAD,W2__ID463_WT__3CT_FP4_2__3CT_W2_C2-Trial_____6,463,WT,Social,W2,Social_interaction,40.93999999999995,26,0.6350757205666837,38.10454323400102,2.3941552649317055,2.2826914890947254,-2.2746466130775518e-17,0.7386638784114143,1.1079958176171214,7
whole_trial_mean_MAD,W2__ID463_WT__3CT_FP5_2__3CT_W2_C2-Trial_____7,463,WT,Novel,W2,Entire_trial,299.8401279999998,88,0.29348973597023026,17.609384158213814,1.996135631489532,1.740605873582266,-6.065724301540137e-17,0.7623063458897699,1.1434595188346548,10
whole_trial_mean_MAD,W2__ID463_WT__3CT_FP5_2__3CT_W2_C2-Trial_____7,463,WT,Novel,W2,Social_interaction,46.50000000000003,24,0.5161290322580642,30.96774193548385,2.326809049718442,2.0802209310525184,-6.065724301540137e-17,0.7623063458897699,1.1434595188346548,10
whole_trial_mean_MAD,W2__ID459_NE__3CT_FP7_2__3CT_W2_C2-Trial_____9,459,NE,Social,W2,Entire_trial,299.84047999999984,78,0.26013832421826444,15.608299453095867,2.078582057902282,1.7251387210184177,-4.5492932261551035e-17,0.753951773614056,1.1309276604210838,13
whole_trial_mean_MAD,W2__ID459_NE__3CT_FP7_2__3CT_W2_C2-Trial_____9,459,NE,Social,W2,Social_interaction,37.259999999999934,19,0.5099302200751485,30.595813204508914,2.2683962119456904,2.3693017557801186,-4.5492932261551035e-17,0.753951773614056,1.1309276604210838,13
whole_trial_mean_MAD,W2__ID459_NE__3CT_FP8_2__3CT_W2_C2-Trial____10,459,NE,Novel,W2,Entire_trial,299.8402560000004,91,0.30349493831808855,18.209696299085312,2.0393255827727503,1.575902314440991,-7.582155376925172e-18,0.7104767235930638,1.0657150853895958,10
whole_trial_mean_MAD,W2__ID459_NE__3CT_FP8_2__3CT_W2_C2-Trial____10,459,NE,Novel,W2,Social_interaction,43.46000000000001,21,0.48320294523699947,28.99217671421997,2.5551802584778036,1.9847508918630379,-7.582155376925172e-18,0.7104767235930638,1.0657150853895958,10
whole_trial_mean_MAD,W2__ID398_NE__3CT_FP10_2__3CT_W2_C2-Trial____12,398,NE,Social,W2,Entire_trial,299.8400959999999,83,0.27681421233269626,16.608852739961776,2.2602416611164005,2.1411040324704143,-1.895538844231293e-18,0.7466186543002095,1.1199279814503142,8
whole_trial_mean_MAD,W2__ID398_NE__3CT_FP10_2__3CT_W2_C2-Trial____12,398,NE,Social,W2,Social_interaction,23.59999999999998,15,0.6355932203389836,38.13559322033902,2.6616148100359567,2.5324249223455624,-1.895538844231293e-18,0.7466186543002095,1.1199279814503142,8
whole_trial_mean_MAD,W2__ID398_NE__3CT_FP11_2__3CT_W2_C2-Trial____13,398,NE,Novel,W2,Entire_trial,299.8403839999992,83,0.27681394644958907,16.608836786975345,2.1948045317351204,2.0595655214650033,-3.411969919616327e-17,0.771931796181187,1.1578976942717805,3
whole_trial_mean_MAD,W2__ID398_NE__3CT_FP11_2__3CT_W2_C2-Trial____13,398,NE,Novel,W2,Social_interaction,31.179999999999993,13,0.41693393200769735,25.016035920461842,2.3876002442692514,2.4918550225389637,-3.411969919616327e-17,0.771931796181187,1.1578976942717805,3
whole_trial_mean_MAD,W2__ID400_NE__3CT_FP13_2__3CT_W2_C2-Trial____16,400,NE,Social,W2,Entire_trial,299.8802880000003,74,0.24676513582646661,14.805908149587998,1.9281937973092256,1.7991879082342195,6.064915322572207e-17,0.7550463574937484,1.1325695362406225,4
whole_trial_mean_MAD,W2__ID400_NE__3CT_FP13_2__3CT_W2_C2-Trial____16,400,NE,Social,W2,Social_interaction,26.599999999999966,11,0.4135338345864667,24.812030075188,1.7063531055101386,1.284235702182713,6.064915322572207e-17,0.7550463574937484,1.1325695362406225,4
whole_trial_mean_MAD,W2__ID400_NE__3CT_FP14_2__3CT_W2_C2-Trial____17,400,NE,Novel,W2,Entire_trial,299.84047999999893,79,0.26347343093901227,15.808405856340736,1.9079388479996742,1.719768469263806,-3.0328621507700686e-17,0.7837642461214929,1.1756463691822394,14
whole_trial_mean_MAD,W2__ID400_NE__3CT_FP14_2__3CT_W2_C2-Trial____17,400,NE,Novel,W2,Social_interaction,93.63999999999997,10,0.10679196924391289,6.407518154634773,1.5641166933865644,1.564551149679686,-3.0328621507700686e-17,0.7837642461214929,1.1756463691822394,14
whole_trial_mean_MAD,W2__ID584_NE__3CT_FP12_3__3CT_W2_C3-Trial____14,584,NE,Hab,W2,Entire_trial,299.8402560000013,112,0.37353223177610784,22.41193390656647,2.2370166922334773,2.1183975875137526,4.7388471105782325e-17,0.7807124685944027,1.171068702891604,10
whole_trial_mean_MAD,W2__ID584_NE__3CT_FP12_3__3CT_W2_C3-Trial____14,584,NE,Hab,W2,Social_interaction,49.679999999999986,24,0.4830917874396137,28.98550724637682,2.1381624363693206,1.841170936874743,4.7388471105782325e-17,0.7807124685944027,1.171068702891604,10
whole_trial_mean_MAD,W2__ID584_NE__3CT_FP13_3__3CT_W2_C3-Trial____15,584,NE,Social,W2,Entire_trial,299.84044800000083,107,0.35685645720486553,21.41138743229193,2.110399696735332,1.9818971207611118,-3.0328621507700686e-17,0.7770937798162776,1.1656406697244164,20
whole_trial_mean_MAD,W2__ID584_NE__3CT_FP13_3__3CT_W2_C3-Trial____15,584,NE,Social,W2,Social_interaction,84.60000000000011,30,0.35460992907801375,21.276595744680826,1.9579295844695033,1.9761238031677444,-3.0328621507700686e-17,0.7770937798162776,1.1656406697244164,20
whole_trial_mean_MAD,W2__ID584_NE__3CT_FP14_3__3CT_W2_C3-Trial____16,584,NE,Novel,W2,Entire_trial,299.8404800000026,116,0.38687237960664617,23.21234277639877,2.117813632654228,1.8697602604660906,7.582155376925172e-18,0.7769495848933177,1.1654243773399764,14
whole_trial_mean_MAD,W2__ID584_NE__3CT_FP14_3__3CT_W2_C3-Trial____16,584,NE,Novel,W2,Social_interaction,72.54000000000006,15,0.2067824648469808,12.406947890818847,2.039458520168872,1.8046170703544855,7.582155376925172e-18,0.7769495848933177,1.1654243773399764,14
whole_trial_mean_MAD,W2__ID450_NE__3CT_FP15_3__3CT_W2_C3-Trial____17,450,NE,Hab,W2,Entire_trial,299.8804479999999,80,0.2667729774766777,16.006378648600663,1.987640908122387,1.7679038385159402,0.0,0.8056361967260592,1.2084542950890889,13
whole_trial_mean_MAD,W2__ID450_NE__3CT_FP15_3__3CT_W2_C3-Trial____17,450,NE,Hab,W2,Social_interaction,18.140000000000136,7,0.38588754134509085,23.15325248070545,1.9215205762080907,1.6296660638837854,0.0,0.8056361967260592,1.2084542950890889,13
whole_trial_mean_MAD,W2__ID450_NE__3CT_FP16_3__3CT_W2_C3-Trial____18,450,NE,Social,W2,Entire_trial,299.8400959999999,89,0.2968248782844574,17.809492697067444,1.8322311030075815,1.568035230475926,7.582155376925172e-18,0.7937249311592333,1.1905873967388498,19
whole_trial_mean_MAD,W2__ID450_NE__3CT_FP16_3__3CT_W2_C3-Trial____18,450,NE,Social,W2,Social_interaction,121.01999999999998,18,0.14873574615765991,8.924144769459595,2.0499139351334232,1.7763066558604748,7.582155376925172e-18,0.7937249311592333,1.1905873967388498,19
whole_trial_mean_MAD,W2__ID450_NE__3CT_FP17_3__3CT_W2_C3-Trial____19,450,NE,Novel,W2,Entire_trial,299.84000000000015,81,0.27014407684098174,16.208644610458904,1.8870555150113493,1.5596681484926636,-3.0328621507700686e-17,0.760892984328149,1.1413394764922236,8
whole_trial_mean_MAD,W2__ID450_NE__3CT_FP17_3__3CT_W2_C3-Trial____19,450,NE,Novel,W2,Social_interaction,22.359999999999964,2,0.08944543828264773,5.366726296958864,3.0741733365243387,3.0741733365243387,-3.0328621507700686e-17,0.760892984328149,1.1413394764922236,8
whole_trial_mean_MAD,W2__ID597_NE__3CT_FP24_3__3CT_W2_C3-Trial____26,597,NE,Hab,W2,Entire_trial,299.8801919999969,91,0.30345452093081543,18.207271255848926,1.9778297020222255,1.6556285313559935,1.5162288306430518e-17,0.7549061645818114,1.132359246872717,8
whole_trial_mean_MAD,W2__ID597_NE__3CT_FP24_3__3CT_W2_C3-Trial____26,597,NE,Hab,W2,Social_interaction,18.02000000000001,11,0.6104328523862371,36.625971143174226,2.131185690636616,1.8292633042095685,1.5162288306430518e-17,0.7549061645818114,1.132359246872717,8
whole_trial_mean_MAD,W2__ID597_NE__3CT_FP25_3__3CT_W2_C3-Trial____27,597,NE,Social,W2,Entire_trial,299.8803200000002,107,0.35680900967425916,21.40854058045555,2.0864561076466064,1.7437792233836757,-2.274343245964578e-17,0.7639537641784678,1.1459306462677017,11
whole_trial_mean_MAD,W2__ID597_NE__3CT_FP25_3__3CT_W2_C3-Trial____27,597,NE,Social,W2,Social_interaction,63.14000000000006,30,0.4751346214760845,28.50807728856507,2.4016447219510773,2.1947190257346967,-2.274343245964578e-17,0.7639537641784678,1.1459306462677017,11
whole_trial_mean_MAD,W2__ID597_NE__3CT_FP26_3__3CT_W2_C3-Trial____28,597,NE,Novel,W2,Entire_trial,299.88022400000045,103,0.34347046506141016,20.60822790368461,2.1678345420902096,2.048681603701793,-3.790572076607629e-18,0.7682740110936995,1.1524110166405492,9
whole_trial_mean_MAD,W2__ID597_NE__3CT_FP26_3__3CT_W2_C3-Trial____28,597,NE,Novel,W2,Social_interaction,25.500000000000004,9,0.3529411764705882,21.176470588235293,2.05215018623814,1.6445541208967773,-3.790572076607629e-18,0.7682740110936995,1.1524110166405492,9
