week,mouse_id,behavior,n_bouts,total_duration_s,mean_duration_s,median_duration_s
Preinduction,ID376,In zone 3(NeutralZone / Nose-point),10,101.19100000000023,10.119100000000023,4.922000000000001
Preinduction,ID376,In zone 3(O1_prevC1 / Nose-point),6,36.030999999999835,6.005166666666639,3.090999999999923
Preinduction,ID376,In zone 3(C2_prevO2 / Nose-point),3,163.00900000000001,54.336333333333336,64.09899999999999
Preinduction,ID376,In zone 3(O2_prevC2 / Nose-point),3,16.604999999999976,5.534999999999992,2.1999999999999886
Preinduction,ID376,In zone 3(C1_prevO1 / Nose-point),5,395.4140000000021,79.08280000000042,113.11200000000099
Preinduction,ID372,In zone 3(C1_prevO1 / Nose-point),7,215.38300000000032,30.769000000000045,30.189000000000036
Preinduction,ID372,In zone 3(O1_prevC1 / Nose-point),8,32.2270000000002,4.028375000000025,3.301000000000016
Preinduction,ID372,In zone 3(C2_prevO2 / Nose-point),9,290.8820000000038,32.32022222222265,25.567999999999984
Preinduction,ID372,In zone 3(O2_prevC2 / Nose-point),12,34.171999999999244,2.8476666666666035,3.071499999999901
Preinduction,ID372,In zone 3(O1_round / Nose-point),3,12.68500000000008,4.22833333333336,4.542000000000087
Preinduction,ID372,In zone 3(O2_round / Nose-point),2,4.621000000000066,2.310500000000033,2.310500000000033
Preinduction,ID372,In zone 3(NeutralZone / Nose-point),4,10.502999999999759,2.6257499999999396,2.6404999999998893
Preinduction,ID374,In zone 3(C2_prevO2 / Nose-point),11,360.1709999999999,32.74281818181817,29.950000000000045
Preinduction,ID374,In zone 3(NeutralZone / Nose-point),15,36.629000000000055,2.441933333333337,2.3400000000000034
Preinduction,ID374,In zone 3(O2_prevC2 / Nose-point),10,34.29000000000029,3.429000000000029,2.320500000000152
Preinduction,ID374,In zone 3(O1_prevC1 / Nose-point),7,18.183999999999955,2.597714285714279,2.5009999999999764
Preinduction,ID374,In zone 3(O2_round / Nose-point),3,4.722999999999843,1.574333333333281,1.6010000000000133
Preinduction,ID374,In zone 3(C1_prevO1 / Nose-point),8,127.23800000000088,15.90475000000011,13.844500000000082
Preinduction,ID374,In zone 3(O1_round / Nose-point),4,15.164999999999637,3.791249999999909,3.230999999999945
Preinduction,ID429,In zone 3(O2_round / Nose-point),9,33.5300000000001,3.725555555555567,3.1810000000001537
Preinduction,ID429,In zone 3(O2_prevC2 / Nose-point),18,83.44700000000026,4.635944444444458,4.041000000000011
Preinduction,ID429,In zone 3(C1_prevO1 / Nose-point),11,293.54800000000034,26.68618181818185,15.464000000000027
Preinduction,ID429,In zone 3(NeutralZone / Nose-point),10,31.149000000000015,3.1149000000000013,2.901000000000142
Preinduction,ID429,In zone 3(C2_prevO2 / Nose-point),9,103.9290000000007,11.547666666666744,11.983999999999991
Preinduction,ID429,In zone 3(O1_round / Nose-point),8,27.36899999999975,3.421124999999969,3.870999999999988
Preinduction,ID429,In zone 3(O1_prevC1 / Nose-point),8,29.188000000000045,3.6485000000000056,3.7210000000000747
Preinduction,ID423,In zone 3(O2_prevC2 / Nose-point),10,75.6439999999999,7.56439999999999,4.781499999999994
Preinduction,ID423,In zone 3(O1_prevC1 / Nose-point),7,19.30500000000004,2.7578571428571483,3.261000000000024
Preinduction,ID423,In zone 3(C2_prevO2 / Nose-point),5,586.306000000053,117.2612000000106,119.3010000000263
Preinduction,ID423,In zone 3(O1_round / Nose-point),3,7.282999999999902,2.4276666666666338,2.3610000000000184
Preinduction,ID423,In zone 3(NeutralZone / Nose-point),2,17.265000000000015,8.632500000000007,8.632500000000007
Preinduction,ID423,In zone 3(O2_round / Nose-point),2,6.58199999999988,3.29099999999994,3.29099999999994
Preinduction,ID423,In zone 3(C1_prevO1 / Nose-point),1,3.001000000000033,3.001000000000033,3.001000000000033
Preinduction,ID463,In zone 3(O2_prevC2 / Nose-point),6,77.4039999999998,12.900666666666632,6.891999999999953
Preinduction,ID463,In zone 3(C1_prevO1 / Nose-point),8,196.1780000000007,24.52225000000009,20.696000000000055
Preinduction,ID463,In zone 3(O1_prevC1 / Nose-point),4,13.424999999999972,3.356249999999993,2.910999999999996
Preinduction,ID463,In zone 3(C2_prevO2 / Nose-point),6,323.91700000000003,53.98616666666667,29.158499999999993
Preinduction,ID463,In zone 3(NeutralZone / Nose-point),10,28.467000000000183,2.8467000000000184,3.090499999999995
Preinduction,ID463,In zone 3(O1_round / Nose-point),1,1.2199999999999918,1.2199999999999918,1.2199999999999918
Preinduction,ID463,In zone 3(O2_round / Nose-point),1,3.401000000000181,3.401000000000181,3.401000000000181
Preinduction,ID459,In zone 3(NeutralZone / Nose-point),7,21.547000000000004,3.0781428571428577,3.341
Preinduction,ID459,In zone 3(O2_round / Nose-point),4,12.823999999999973,3.2059999999999933,3.4709999999999894
Preinduction,ID459,In zone 3(C1_prevO1 / Nose-point),7,473.0570000000025,67.57957142857178,31.047000000001162
Preinduction,ID459,In zone 3(O2_prevC2 / Nose-point),11,35.19199999999963,3.1992727272726937,2.3609999999998763
Preinduction,ID459,In zone 3(O1_prevC1 / Nose-point),3,14.865000000000038,4.9550000000000125,3.4610000000000127
Preinduction,ID459,In zone 3(O1_round / Nose-point),1,7.342000000000013,7.342000000000013,7.342000000000013
Preinduction,ID459,In zone 3(C2_prevO2 / Nose-point),2,61.31799999999987,30.658999999999935,30.658999999999935
Preinduction,ID398,In zone 3(O1_prevC1 / Nose-point),5,16.284999999999755,3.256999999999951,3.4610000000000003
Preinduction,ID398,In zone 3(O2_prevC2 / Nose-point),9,52.85400000000006,5.872666666666674,6.322000000000003
Preinduction,ID398,In zone 3(O2_round / Nose-point),4,7.383999999999865,1.8459999999999663,1.5610000000000035
Preinduction,ID398,In zone 3(NeutralZone / Nose-point),4,14.604000000000038,3.6510000000000096,1.600000000000037
Preinduction,ID398,In zone 3(C2_prevO2 / Nose-point),4,261.23500000000274,65.30875000000069,39.671000000000646
Preinduction,ID398,In zone 3(C1_prevO1 / Nose-point),4,256.297,64.07425,31.369500000000002
Preinduction,ID398,In zone 3(O1_round / Nose-point),3,7.782999999999959,2.5943333333333194,2.7609999999999673
Preinduction,ID400,In zone 3(C2_prevO2 / Nose-point),5,649.8840000000079,129.97680000000156,110.393
Preinduction,ID400,In zone 3(NeutralZone / Nose-point),5,14.464999999999854,2.892999999999971,2.781000000000006
Preinduction,ID400,In zone 3(C1_prevO1 / Nose-point),2,174.83300000000003,87.41650000000001,87.41650000000001
Preinduction,ID400,In zone 3(O2_prevC2 / Nose-point),1,3.001000000000033,3.001000000000033,3.001000000000033
W1,ID376,In zone(C1_prevO1 / Nose-point),7,187.1560000000002,26.73657142857146,20.78599999999983
W1,ID376,In zone(O1_prevC1 / Nose-point),5,31.029000000000302,6.20580000000006,4.341000000000008
W1,ID376,In zone(C2_prevO2 / Nose-point),8,253.52700000000695,31.69087500000087,25.497500000000002
W1,ID376,In zone(NeutralZone / Nose-point),15,104.4090000000001,6.9606000000000074,5.102000000000146
W1,ID376,In zone(O2_prevC2 / Nose-point),5,28.929999999999808,5.785999999999961,3.702000000000112
W1,ID376,In zone(O2_round / Nose-point),2,14.244000000000199,7.122000000000099,7.122000000000099
W1,ID376,In zone(O1_round / Nose-point),1,1.2010000000000787,1.2010000000000787,1.2010000000000787
W1,ID372,In zone(C1_prevO1 / Nose-point),5,403.2619999999997,80.65239999999994,50.01500000000001
W1,ID372,In zone(O2_prevC2 / Nose-point),3,9.162999999999961,3.0543333333333202,3.4209999999999994
W1,ID372,In zone(C2_prevO2 / Nose-point),6,187.19500000000085,31.19916666666681,19.145000000000437
W1,ID372,In zone(O1_prevC1 / Nose-point),2,8.401999999999802,4.200999999999901,4.200999999999901
W1,ID372,In zone(NeutralZone / Nose-point),2,3.381000000000199,1.6905000000000996,1.6905000000000996
W1,ID372,In zone(O2_round / Nose-point),1,3.9209999999999354,3.9209999999999354,3.9209999999999354
W1,ID374,In zone(C1_prevO1 / Nose-point),6,264.6389999999999,44.10649999999998,38.63149999999999
W1,ID374,In zone(NeutralZone / Nose-point),8,26.929000000000073,3.366125000000009,2.860999999999997
W1,ID374,In zone(C2_prevO2 / Nose-point),8,324.6960000000003,40.58700000000004,36.85100000000004
W1,ID374,In zone(O2_prevC2 / Nose-point),3,9.12299999999982,3.04099999999994,3.661000000000058
W1,ID374,In zone(O1_prevC1 / Nose-point),2,7.242999999999995,3.6214999999999975,3.6214999999999975
W1,ID429,In zone(C1_prevO1 / Nose-point),8,461.7180000000006,57.71475000000007,28.21849999999998
W1,ID429,In zone(NeutralZone / Nose-point),3,11.603000000000112,3.867666666666704,3.6410000000000764
W1,ID429,In zone(C2_prevO2 / Nose-point),6,64.91999999999999,10.819999999999999,12.144000000000005
W1,ID429,In zone(O1_prevC1 / Nose-point),7,27.668999999999784,3.9527142857142548,1.8799999999999955
W1,ID429,In zone(O2_prevC2 / Nose-point),8,33.80999999999993,4.226249999999991,3.4510000000000502
W1,ID429,In zone(O2_round / Nose-point),3,8.642000000000124,2.880666666666708,3.6410000000000764
W1,ID429,In zone(O1_round / Nose-point),1,2.8209999999999695,2.8209999999999695,2.8209999999999695
W1,ID423,In zone(C2_prevO2 / Nose-point),7,567.9580000000249,81.13685714286069,58.221000000012396
W1,ID423,In zone(NeutralZone / Nose-point),4,5.100999999999932,1.275249999999983,1.2604999999999649
W1,ID423,In zone(C1_prevO1 / Nose-point),3,46.47500000000008,15.491666666666694,16.545000000000073
W1,ID423,In zone(O1_prevC1 / Nose-point),3,7.942,2.6473333333333335,2.621000000000002
W1,ID423,In zone(O1_round / Nose-point),2,2.6600000000000463,1.3300000000000232,1.3300000000000232
W1,ID423,In zone(O2_prevC2 / Nose-point),4,24.80600000000021,6.201500000000053,6.231500000000096
W1,ID463,In zone(C1_prevO1 / Nose-point),6,408.663,68.1105,65.5995
W1,ID463,In zone(O1_prevC1 / Nose-point),3,7.942000000000064,2.647333333333355,2.101000000000056
W1,ID463,In zone(O2_prevC2 / Nose-point),6,44.354999999999855,7.392499999999976,4.821499999999986
W1,ID463,In zone(NeutralZone / Nose-point),6,28.88800000000012,4.814666666666686,3.5309999999999775
W1,ID463,In zone(C2_prevO2 / Nose-point),5,152.12300000000164,30.42460000000033,28.267999999999972
W1,ID463,In zone(O2_round / Nose-point),1,1.259999999999991,1.259999999999991,1.259999999999991
W1,ID459,In zone(O2_prevC2 / Nose-point),7,25.289000000000115,3.612714285714302,3.1409999999999627
W1,ID459,In zone(O1_prevC1 / Nose-point),4,23.588000000000253,5.897000000000063,3.4210000000000793
W1,ID459,In zone(C1_prevO1 / Nose-point),5,461.038,92.2076,76.78299999999997
W1,ID459,In zone(NeutralZone / Nose-point),7,19.084000000000216,2.726285714285745,1.9599999999999937
W1,ID459,In zone(C2_prevO2 / Nose-point),3,90.58599999999998,30.195333333333327,31.509000000000015
W1,ID459,In zone(O1_round / Nose-point),2,2.8609999999998763,1.4304999999999382,1.4304999999999382
W1,ID398,In zone(C2_prevO2 / Nose-point),3,355.24699999999996,118.41566666666665,114.37399999999997
W1,ID398,In zone(O1_prevC1 / Nose-point),2,5.181999999999817,2.5909999999999087,2.5909999999999087
W1,ID398,In zone(NeutralZone / Nose-point),2,3.0199999999998113,1.5099999999999056,1.5099999999999056
W1,ID398,In zone(C1_prevO1 / Nose-point),3,290.6330000000262,96.8776666666754,67.66300000001308
W1,ID398,In zone(O2_prevC2 / Nose-point),1,10.724000000000046,10.724000000000046,10.724000000000046
W1,ID400,In zone(C2_prevO2 / Nose-point),2,1199.9980000000014,599.9990000000007,599.9990000000007
W2,ID463,In zone(C1_prevO1 / Nose-point),7,593.5620000000445,84.79457142857778,79.80399999999999
W2,ID463,In zone(NeutralZone / Nose-point),8,39.68999999999984,4.96124999999998,5.160999999999966
W2,ID463,In zone(O1_prevC1 / Nose-point),3,7.501999999999839,2.500666666666613,2.980999999999824
W2,ID463,In zone(C2_prevO2 / Nose-point),3,50.63699999999997,16.87899999999999,14.80499999999995
W2,ID463,In zone(O2_prevC2 / Nose-point),4,14.283000000000044,3.570750000000011,2.4605000000000103
W2,ID463,In zone(O2_round / Nose-point),1,2.0409999999999684,2.0409999999999684,2.0409999999999684
W2,ID459,In zone(C1_prevO1 / Nose-point),10,295.62400000000423,29.562400000000423,23.524000000002047
W2,ID459,In zone(NeutralZone / Nose-point),10,18.323000000000384,1.8323000000000385,1.4199999999999733
W2,ID459,In zone(C2_prevO2 / Nose-point),7,225.44800000000023,32.206857142857174,27.38900000000001
W2,ID459,In zone(O2_prevC2 / Nose-point),8,63.837999999999546,7.979749999999943,4.361499999999779
W2,ID459,In zone(O1_prevC1 / Nose-point),5,13.084000000000117,2.6168000000000236,2.901000000000039
W2,ID459,In zone(O1_round / Nose-point),1,1.4809999999997672,1.4809999999997672,1.4809999999997672
W2,ID459,In zone(O2_round / Nose-point),1,1.4000000000003183,1.4000000000003183,1.4000000000003183
W2,ID398,In zone(O2_prevC2 / Nose-point),8,39.251999999999974,4.906499999999997,2.6004999999999683
W2,ID398,In zone(C2_prevO2 / Nose-point),8,356.0269999999998,44.50337499999998,27.628499999999967
W2,ID398,In zone(O1_prevC1 / Nose-point),5,12.483999999999995,2.496799999999999,2.1599999999999966
W2,ID398,In zone(NeutralZone / Nose-point),7,20.6640000000003,2.952000000000043,2.6400000000001
W2,ID398,In zone(C1_prevO1 / Nose-point),8,189.65899999999982,23.707374999999978,23.897499999999894
W2,ID398,In zone(O1_round / Nose-point),1,4.701000000000079,4.701000000000079,4.701000000000079
W2,ID400,In zone(C1_prevO1 / Nose-point),4,438.49000000000007,109.62250000000002,119.91550000000002
W2,ID400,In zone(O1_prevC1 / Nose-point),4,7.8029999999998125,1.9507499999999531,2.061
W2,ID400,In zone(C2_prevO2 / Nose-point),5,196.84800000000837,39.369600000001675,51.616000000000014
W2,ID400,In zone(O2_prevC2 / Nose-point),3,8.243000000000016,2.7476666666666723,3.0610000000000355
W2,ID400,In zone(NeutralZone / Nose-point),2,2.6200000000004593,1.3100000000002296,1.3100000000002296
W2,ID376,In zone(C2_prevO2 / Nose-point),17,241.9730000000006,14.233705882352977,11.464000000000055
W2,ID376,In zone(O1_prevC1 / Nose-point),10,27.669000000000185,2.7669000000000183,2.8710000000000093
W2,ID376,In zone(O2_prevC2 / Nose-point),15,55.03899999999986,3.6692666666666574,2.8810000000000002
W2,ID376,In zone(C1_prevO1 / Nose-point),18,214.18300000000013,11.899055555555563,8.78249999999997
W2,ID376,In zone(NeutralZone / Nose-point),11,48.473999999999776,4.406727272727252,2.6809999999999263
W2,ID376,In zone(O1_round / Nose-point),3,5.420999999999793,1.806999999999931,1.4809999999998809
W2,ID372,In zone(NeutralZone / Nose-point),10,26.707000000000008,2.670700000000001,2.630499999999997
W2,ID372,In zone(O1_prevC1 / Nose-point),3,13.065000000000033,4.355000000000011,3.2809999999999997
W2,ID372,In zone(C2_prevO2 / Nose-point),4,64.06000000000012,16.01500000000003,18.90600000000002
W2,ID372,In zone(O2_prevC2 / Nose-point),3,10.422999999999949,3.474333333333316,3.400999999999982
W2,ID372,In zone(C1_prevO1 / Nose-point),10,739.8350000000064,73.98350000000065,29.548500000000026
W2,ID374,In zone(C2_prevO2 / Nose-point),2,554.4060000000001,277.20300000000003,277.20300000000003
W2,ID374,In zone(NeutralZone / Nose-point),2,5.041999999999945,2.5209999999999724,2.5209999999999724
W2,ID374,In zone(C1_prevO1 / Nose-point),3,39.293000000000234,13.097666666666745,7.943000000000097
W2,ID374,In zone(O1_prevC1 / Nose-point),2,7.3019999999999925,3.6509999999999962,3.6509999999999962
W2,ID374,In zone(O2_prevC2 / Nose-point),1,1.8799999999999955,1.8799999999999955,1.8799999999999955
W2,ID429,In zone(C1_prevO1 / Nose-point),10,395.2150000000032,39.52150000000032,16.67450000000001
W2,ID429,In zone(NeutralZone / Nose-point),7,13.903000000000496,1.986142857142928,1.3999999999999915
W2,ID429,In zone(O1_prevC1 / Nose-point),6,17.704999999999707,2.9508333333332843,3.110999999999997
W2,ID429,In zone(C2_prevO2 / Nose-point),7,166.07,23.724285714285713,18.086000000000013
W2,ID429,In zone(O2_prevC2 / Nose-point),4,7.482999999999919,1.8707499999999797,1.52049999999997
W2,ID429,In zone(O1_round / Nose-point),3,6.522000000000389,2.1740000000001296,2.1410000000001332
W2,ID423,In zone(C2_prevO2 / Nose-point),11,373.2210000000073,33.92918181818248,16.62000000000353
W2,ID423,In zone(C1_prevO1 / Nose-point),10,212.3030000000001,21.23030000000001,15.354499999999987
W2,ID423,In zone(O1_prevC1 / Nose-point),2,7.402000000000007,3.7010000000000036,3.7010000000000036
W2,ID423,In zone(NeutralZone / Nose-point),2,2.2420000000000115,1.1210000000000058,1.1210000000000058
W2,ID423,In zone(O2_prevC2 / Nose-point),5,18.726000000000113,3.7452000000000227,3.120999999999924
W3,ID376,In zone(C2_prevO2 / Nose-point),17,242.0530000000005,14.238411764705912,11.464000000000055
W3,ID376,In zone(O1_prevC1 / Nose-point),9,25.248000000000083,2.8053333333333423,2.520999999999958
W3,ID376,In zone(O2_prevC2 / Nose-point),16,57.53899999999976,3.596187499999985,2.9909999999999712
W3,ID376,In zone(C1_prevO1 / Nose-point),18,214.64299999999986,11.924611111111103,8.612000000000023
W3,ID376,In zone(NeutralZone / Nose-point),11,42.27200000000008,3.8429090909090977,1.900000000000034
W3,ID376,In zone(O1_round / Nose-point),2,4.300999999999931,2.1504999999999654,2.1504999999999654
W3,ID372,In zone(C1_prevO1 / Nose-point),11,739.476000000006,67.22509090909146,8.041999999999987
W3,ID372,In zone(NeutralZone / Nose-point),11,28.466999999999985,2.5879090909090894,2.461
W3,ID372,In zone(O1_prevC1 / Nose-point),3,13.164000000000392,4.3880000000001305,3.2809999999999997
W3,ID372,In zone(C2_prevO2 / Nose-point),4,63.88000000000007,15.970000000000017,18.90600000000002
W3,ID372,In zone(O2_prevC2 / Nose-point),3,10.242999999999963,3.414333333333321,3.2609999999999957
W3,ID374,In zone(C2_prevO2 / Nose-point),2,554.287,277.1435,277.1435
W3,ID374,In zone(NeutralZone / Nose-point),2,5.100999999999971,2.5504999999999853,2.5504999999999853
W3,ID374,In zone(C1_prevO1 / Nose-point),3,39.53299999999999,13.177666666666662,8.08299999999997
W3,ID374,In zone(O1_prevC1 / Nose-point),2,7.301999999999964,3.650999999999982,3.650999999999982
W3,ID374,In zone(O2_prevC2 / Nose-point),1,1.9800000000000182,1.9800000000000182,1.9800000000000182
W3,ID429,In zone(C1_prevO1 / Nose-point),10,396.15500000000367,39.61550000000037,16.564500000000002
W3,ID429,In zone(NeutralZone / Nose-point),5,11.223000000000148,2.2446000000000295,1.3009999999999877
W3,ID429,In zone(O1_prevC1 / Nose-point),6,19.70500000000006,3.2841666666666764,3.3209999999999926
W3,ID429,In zone(C2_prevO2 / Nose-point),7,165.84999999999977,23.69285714285711,18.04599999999988
W3,ID429,In zone(O2_prevC2 / Nose-point),3,5.542999999999807,1.8476666666666024,1.7210000000000036
W3,ID429,In zone(O1_round / Nose-point),2,5.001999999999782,2.500999999999891,2.500999999999891
W3,ID423,In zone(C2_prevO2 / Nose-point),11,373.56200000000723,33.96018181818248,16.62000000000353
W3,ID423,In zone(C1_prevO1 / Nose-point),10,211.4229999999999,21.142299999999988,15.234499999999983
W3,ID423,In zone(O1_prevC1 / Nose-point),3,8.66200000000002,2.88733333333334,3.060999999999999
W3,ID423,In zone(NeutralZone / Nose-point),2,2.4210000000000917,1.2105000000000459,1.2105000000000459
W3,ID423,In zone(O2_prevC2 / Nose-point),4,16.545999999999907,4.136499999999977,4.171499999999952
W3,ID463,In zone(C1_prevO1 / Nose-point),12,316.4100000000026,26.367500000000216,18.465000000000018
W3,ID463,In zone(NeutralZone / Nose-point),18,140.94200000000015,7.830111111111119,6.071500000000071
W3,ID463,In zone(O1_prevC1 / Nose-point),2,4.6410000000000196,2.3205000000000098,2.3205000000000098
W3,ID463,In zone(C2_prevO2 / Nose-point),6,111.91300000000031,18.65216666666672,18.18550000000002
W3,ID463,In zone(O2_prevC2 / Nose-point),8,31.570999999999742,3.9463749999999678,3.1710000000000207
W3,ID459,In zone(O1_prevC1 / Nose-point),20,56.81300000000015,2.8406500000000077,2.3799999999999386
W3,ID459,In zone(C1_prevO1 / Nose-point),19,280.56400000000053,14.766526315789502,8.28300000000013
W3,ID459,In zone(O2_prevC2 / Nose-point),13,39.00899999999946,3.0006923076922662,2.300999999999874
W3,ID459,In zone(C2_prevO2 / Nose-point),15,174.21400000000023,11.614266666666682,9.802999999999969
W3,ID459,In zone(O2_round / Nose-point),4,9.763000000000012,2.440750000000003,2.400499999999994
W3,ID459,In zone(NeutralZone / Nose-point),8,12.045999999999765,1.5057499999999706,1.630999999999915
W3,ID459,In zone(O1_round / Nose-point),3,5.44299999999987,1.81433333333329,1.600999999999999
W3,ID398,In zone(C2_prevO2 / Nose-point),10,327.6710000000055,32.76710000000055,24.504000000002748
W3,ID398,In zone(O1_round / Nose-point),1,4.8809999999999985,4.8809999999999985,4.8809999999999985
W3,ID398,In zone(C1_prevO1 / Nose-point),11,229.57100000000008,20.870090909090916,16.045000000000005
W3,ID398,In zone(NeutralZone / Nose-point),5,9.461000000000123,1.8922000000000245,1.660000000000025
W3,ID398,In zone(O2_prevC2 / Nose-point),9,26.34999999999988,2.9277777777777647,2.241000000000014
W3,ID398,In zone(O1_prevC1 / Nose-point),5,12.743000000000222,2.5486000000000444,2.1810000000000116
W3,ID398,In zone(O2_round / Nose-point),1,3.2010000000001355,3.2010000000001355,3.2010000000001355
W3,ID400,In zone(O2_prevC2 / Nose-point),5,9.723999999999847,1.9447999999999694,1.860999999999997
W3,ID400,In zone(C1_prevO1 / Nose-point),7,321.1960000000001,45.88514285714287,3.9210000000000065
W3,ID400,In zone(NeutralZone / Nose-point),9,23.92700000000008,2.6585555555555644,2.7010000000001355
W3,ID400,In zone(O1_prevC1 / Nose-point),2,5.36099999999994,2.68049999999997,2.68049999999997
W3,ID400,In zone(C2_prevO2 / Nose-point),6,286.63500000000914,47.77250000000152,48.191500000002264
