week,mouse_id,behavior,duration_s
Preinduction,ID584,In Zone(C1_prevO1 / Nose-point),5.560000000121363
Preinduction,ID584,In Zone(C1_prevO1 / Nose-point),14.76000000032218
Preinduction,ID584,In Zone(C1_prevO1 / Nose-point),25.68000000056054
Preinduction,ID584,In Zone(C1_prevO1 / Nose-point),31.44000000068627
Preinduction,ID584,In Zone(C1_prevO1 / Nose-point),70.56000000154017
Preinduction,ID584,In Zone(C1_prevO1 / Nose-point),12.440000000271539
Preinduction,ID584,In Zone(C1_prevO1 / Nose-point),11.240000000245345
Preinduction,ID584,In Zone(C1_prevO1 / Nose-point),2.6400000000576256
Preinduction,ID584,In Zone(C1_prevO1 / Nose-point),40.48000000088359
Preinduction,ID584,In Zone(C1_prevO1 / Nose-point),2.44000000005326
Preinduction,ID584,In Zone(C1_prevO1 / Nose-point),140.96000000307686
Preinduction,ID584,In Zone(C2_prevO2 / Nose-point),17.280000000377186
Preinduction,ID584,In Zone(C2_prevO2 / Nose-point),22.72000000049593
Preinduction,ID584,In Zone(C2_prevO2 / Nose-point),34.04000000074302
Preinduction,ID584,In Zone(C2_prevO2 / Nose-point),16.56000000036147
Preinduction,ID584,In Zone(C2_prevO2 / Nose-point),25.640000000559667
Preinduction,ID584,In Zone(C2_prevO2 / Nose-point),11.640000000254076
Preinduction,ID584,In Zone(NeutralZone/ Nose-point),2.840000000061991
Preinduction,ID584,In Zone(NeutralZone/ Nose-point),1.6400000000357977
Preinduction,ID584,In Zone(NeutralZone/ Nose-point),2.040000000044529
Preinduction,ID584,In Zone(NeutralZone/ Nose-point),1.8800000000410364
Preinduction,ID584,In Zone(NeutralZone/ Nose-point),4.24000000009255
Preinduction,ID584,In Zone(NeutralZone/ Nose-point),2.6000000000567525
Preinduction,ID584,In Zone(NeutralZone/ Nose-point),2.360000000051514
Preinduction,ID584,In Zone(NeutralZone/ Nose-point),2.0000000000436557
Preinduction,ID584,In Zone(NeutralZone/ Nose-point),3.0400000000663567
Preinduction,ID584,In Zone(NeutralZone/ Nose-point),3.5600000000777072
Preinduction,ID584,In Zone(NeutralZone/ Nose-point),1.360000000029686
Preinduction,ID584,In Zone(NeutralZone/ Nose-point),7.880000000172004
Preinduction,ID584,In Zone(NeutralZone/ Nose-point),5.200000000113505
Preinduction,ID584,In Zone(NeutralZone/ Nose-point),2.360000000051514
Preinduction,ID584,In Zone(O1_prevC1 / Nose-point),1.6400000000357977
Preinduction,ID584,In Zone(O1_prevC1 / Nose-point),2.3200000000506407
Preinduction,ID584,In Zone(O1_prevC1 / Nose-point),1.9600000000427826
Preinduction,ID584,In Zone(O1_prevC1 / Nose-point),7.520000000164146
Preinduction,ID584,In Zone(O1_prevC1 / Nose-point),3.3600000000733417
Preinduction,ID584,In Zone(O1_prevC1 / Nose-point),2.2000000000480213
Preinduction,ID584,In Zone(O1_prevC1 / Nose-point),2.080000000045402
Preinduction,ID584,In Zone(O2_prevC2 / Nose-point),5.200000000113505
Preinduction,ID584,In Zone(O2_prevC2 / Nose-point),4.0000000000873115
Preinduction,ID584,In Zone(O2_prevC2 / Nose-point),3.760000000082073
Preinduction,ID584,In Zone(O2_prevC2 / Nose-point),1.4800000000323053
Preinduction,ID584,In Zone(O2_prevC2 / Nose-point),4.0000000000873115
Preinduction,ID584,In Zone(O2_prevC2 / Nose-point),3.6800000000803266
Preinduction,ID584,In Zone(O2_prevC2 / Nose-point),2.2400000000488944
Preinduction,ID584,In Zone(O2_prevC2 / Nose-point),5.7600000001257285
Preinduction,ID584,In Zone(O2_prevC2 / Nose-point),1.400000000030559
Preinduction,ID584,In Zone(O2_prevC2 / Nose-point),13.120000000286382
Preinduction,ID584,Other,0.9200000000200816
Preinduction,ID584,Other,0.08000000000174623
Preinduction,ID584,Other,1.1200000000244472
Preinduction,ID584,Other,0.12000000000261934
Preinduction,ID584,Other,1.040000000022701
Preinduction,ID584,Other,1.8000000000392902
Preinduction,ID450,In Zone(C1_prevO1 / Nose-point),2.800000000061118
Preinduction,ID450,In Zone(C1_prevO1 / Nose-point),12.360000000269793
Preinduction,ID450,In Zone(C1_prevO1 / Nose-point),36.6000000007989
Preinduction,ID450,In Zone(C1_prevO1 / Nose-point),2.5600000000558794
Preinduction,ID450,In Zone(C1_prevO1 / Nose-point),21.600000000471482
Preinduction,ID450,In Zone(C1_prevO1 / Nose-point),10.760000000234868
Preinduction,ID450,In Zone(C2_prevO2 / Nose-point),22.640000000494183
Preinduction,ID450,In Zone(C2_prevO2 / Nose-point),40.16000000087661
Preinduction,ID450,In Zone(C2_prevO2 / Nose-point),4.080000000089058
Preinduction,ID450,In Zone(C2_prevO2 / Nose-point),140.68000000307075
Preinduction,ID450,In Zone(C2_prevO2 / Nose-point),46.560000001016306
Preinduction,ID450,In Zone(C2_prevO2 / Nose-point),104.6000000022832
Preinduction,ID450,In Zone(C2_prevO2 / Nose-point),2.6800000000584987
Preinduction,ID450,In Zone(C2_prevO2 / Nose-point),51.4800000011237
Preinduction,ID450,In Zone(NeutralZone/ Nose-point),3.6000000000785803
Preinduction,ID450,In Zone(NeutralZone/ Nose-point),1.1200000000244472
Preinduction,ID450,In Zone(O1_prevC1 / Nose-point),4.480000000097789
Preinduction,ID450,In Zone(O1_prevC1 / Nose-point),3.3600000000733417
Preinduction,ID450,In Zone(O1_prevC1 / Nose-point),4.600000000100408
Preinduction,ID450,In Zone(O1_prevC1 / Nose-point),3.120000000068103
Preinduction,ID450,In Zone(O1_prevC1 / Nose-point),6.0800000001327135
Preinduction,ID450,In Zone(O1_prevC1 / Nose-point),4.24000000009255
Preinduction,ID450,In Zone(O1_prevC1 / Nose-point),3.160000000068976
Preinduction,ID450,In Zone(O1_prevC1 / Nose-point),3.4000000000742148
Preinduction,ID450,In Zone(O1_round / Nose-point),1.4400000000314321
Preinduction,ID450,In Zone(O1_round / Nose-point),3.480000000075961
Preinduction,ID450,In Zone(O2_prevC2 / Nose-point),6.16000000013446
Preinduction,ID450,In Zone(O2_prevC2 / Nose-point),4.840000000105647
Preinduction,ID450,In Zone(O2_prevC2 / Nose-point),4.920000000107393
Preinduction,ID450,In Zone(O2_prevC2 / Nose-point),5.920000000129221
Preinduction,ID450,In Zone(O2_prevC2 / Nose-point),7.160000000156288
Preinduction,ID450,In Zone(O2_prevC2 / Nose-point),3.08000000006723
Preinduction,ID450,In Zone(O2_prevC2 / Nose-point),1.360000000029686
Preinduction,ID450,In Zone(O2_prevC2 / Nose-point),4.520000000098662
Preinduction,ID450,In Zone(O2_prevC2 / Nose-point),2.800000000061118
Preinduction,ID450,In Zone(O2_round / Nose-point),4.3600000000951695
Preinduction,ID450,In Zone(O2_round / Nose-point),4.520000000098662
Preinduction,ID450,Other,0.7600000000165892
Preinduction,ID450,Other,2.3200000000506407
Preinduction,ID450,Other,0.4800000000104774
Preinduction,ID450,Other,0.16000000000349246
Preinduction,ID450,Other,0.4800000000104774
Preinduction,ID450,Other,0.20000000000436557
Preinduction,ID450,Other,0.680000000014843
Preinduction,ID450,Other,0.2400000000052387
Preinduction,ID450,Other,0.9200000000200816
Preinduction,ID450,Other,0.6000000000130967
Preinduction,ID450,Other,0.7600000000165892
Preinduction,ID450,Other,1.0000000000218279
Preinduction,ID597,In Zone(C1_prevO1 / Nose-point),25.000000000545697
Preinduction,ID597,In Zone(C1_prevO1 / Nose-point),3.9200000000855653
Preinduction,ID597,In Zone(C1_prevO1 / Nose-point),34.68000000075699
Preinduction,ID597,In Zone(C1_prevO1 / Nose-point),35.32000000077096
Preinduction,ID597,In Zone(C1_prevO1 / Nose-point),9.520000000207801
Preinduction,ID597,In Zone(C1_prevO1 / Nose-point),5.560000000121363
Preinduction,ID597,In Zone(C1_prevO1 / Nose-point),4.600000000100408
Preinduction,ID597,In Zone(C1_prevO1 / Nose-point),139.48000000304455
Preinduction,ID597,In Zone(C1_prevO1 / Nose-point),56.16000000122585
Preinduction,ID597,In Zone(C1_prevO1 / Nose-point),1.400000000030559
Preinduction,ID597,In Zone(C1_prevO1 / Nose-point),56.88000000124157
Preinduction,ID597,In Zone(C2_prevO2 / Nose-point),2.080000000045402
Preinduction,ID597,In Zone(C2_prevO2 / Nose-point),21.000000000458385
Preinduction,ID597,In Zone(C2_prevO2 / Nose-point),21.32000000046537
Preinduction,ID597,In Zone(C2_prevO2 / Nose-point),4.160000000090804
Preinduction,ID597,In Zone(C2_prevO2 / Nose-point),28.680000000626023
Preinduction,ID597,In Zone(C2_prevO2 / Nose-point),7.1200000001554145
Preinduction,ID597,In Zone(C2_prevO2 / Nose-point),21.32000000046537
Preinduction,ID597,In Zone(C2_prevO2 / Nose-point),5.080000000110886
Preinduction,ID597,In Zone(C2_prevO2 / Nose-point),7.560000000165019
Preinduction,ID597,In Zone(NeutralZone/ Nose-point),3.2800000000715954
Preinduction,ID597,In Zone(NeutralZone/ Nose-point),1.8000000000392902
Preinduction,ID597,In Zone(NeutralZone/ Nose-point),3.840000000083819
Preinduction,ID597,In Zone(NeutralZone/ Nose-point),7.560000000165019
Preinduction,ID597,In Zone(NeutralZone/ Nose-point),3.120000000068103
Preinduction,ID597,In Zone(NeutralZone/ Nose-point),7.560000000165019
Preinduction,ID597,In Zone(NeutralZone/ Nose-point),5.0400000001100125
Preinduction,ID597,In Zone(NeutralZone/ Nose-point),2.44000000005326
Preinduction,ID597,In Zone(NeutralZone/ Nose-point),6.16000000013446
Preinduction,ID597,In Zone(NeutralZone/ Nose-point),2.120000000046275
Preinduction,ID597,In Zone(NeutralZone/ Nose-point),2.720000000059372
Preinduction,ID597,In Zone(NeutralZone/ Nose-point),1.8400000000401633
Preinduction,ID597,In Zone(NeutralZone/ Nose-point),1.6400000000357977
Preinduction,ID597,In Zone(NeutralZone/ Nose-point),1.360000000029686
Preinduction,ID597,In Zone(NeutralZone/ Nose-point),1.2400000000270666
Preinduction,ID597,In Zone(NeutralZone/ Nose-point),6.200000000135333
Preinduction,ID597,In Zone(NeutralZone/ Nose-point),2.840000000061991
Preinduction,ID597,In Zone(O1_prevC1 / Nose-point),2.2400000000488944
Preinduction,ID597,In Zone(O1_prevC1 / Nose-point),2.5600000000558794
Preinduction,ID597,In Zone(O1_prevC1 / Nose-point),1.6800000000366708
Preinduction,ID597,In Zone(O1_round / Nose-point),1.8400000000401633
Preinduction,ID597,In Zone(O2_prevC2 / Nose-point),2.160000000047148
Preinduction,ID597,In Zone(O2_prevC2 / Nose-point),1.2400000000270666
Preinduction,ID597,In Zone(O2_prevC2 / Nose-point),10.800000000235741
Preinduction,ID597,In Zone(O2_prevC2 / Nose-point),2.120000000046275
Preinduction,ID597,In Zone(O2_prevC2 / Nose-point),5.360000000116997
Preinduction,ID597,In Zone(O2_prevC2 / Nose-point),2.120000000046275
Preinduction,ID597,In Zone(O2_prevC2 / Nose-point),6.68000000014581
Preinduction,ID597,In Zone(O2_prevC2 / Nose-point),1.1600000000253203
Preinduction,ID597,Other,3.760000000082073
Preinduction,ID597,Other,0.8000000000174623
Preinduction,ID597,Other,0.36000000000785803
Preinduction,ID597,Other,0.6000000000130967
Preinduction,ID597,Other,0.4800000000104774
Preinduction,ID597,Other,0.2800000000061118
Preinduction,ID597,Other,1.080000000023574
Preinduction,ID597,Other,0.9600000000209548
Preinduction,ID376,In Zone(C1_prevO1 / Nose-point),16.55999999998494
Preinduction,ID376,In Zone(C1_prevO1 / Nose-point),38.079999999965366
Preinduction,ID376,In Zone(C1_prevO1 / Nose-point),114.55999999989581
Preinduction,ID376,In Zone(C1_prevO1 / Nose-point),113.03999999989719
Preinduction,ID376,In Zone(C2_prevO2 / Nose-point),74.3199999999324
Preinduction,ID376,In Zone(C2_prevO2 / Nose-point),64.07999999994172
Preinduction,ID376,In Zone(C2_prevO2 / Nose-point),24.599999999977626
Preinduction,ID376,In Zone(NeutralZone/ Nose-point),4.519999999995889
Preinduction,ID376,In Zone(NeutralZone/ Nose-point),14.839999999986503
Preinduction,ID376,In Zone(NeutralZone/ Nose-point),1.679999999998472
Preinduction,ID376,In Zone(NeutralZone/ Nose-point),5.3199999999951615
Preinduction,ID376,In Zone(NeutralZone/ Nose-point),9.119999999991705
Preinduction,ID376,In Zone(NeutralZone/ Nose-point),3.4399999999968713
Preinduction,ID376,In Zone(NeutralZone/ Nose-point),50.23999999995431
Preinduction,ID376,In Zone(NeutralZone/ Nose-point),2.9999999999972715
Preinduction,ID376,In Zone(NeutralZone/ Nose-point),7.079999999993561
Preinduction,ID376,In Zone(NeutralZone/ Nose-point),1.799999999998363
Preinduction,ID376,In Zone(O1_prevC1 / Nose-point),13.91999999998734
Preinduction,ID376,In Zone(O1_prevC1 / Nose-point),11.359999999989668
Preinduction,ID376,In Zone(O1_prevC1 / Nose-point),2.519999999997708
Preinduction,ID376,In Zone(O1_prevC1 / Nose-point),2.0799999999981083
Preinduction,ID376,In Zone(O1_prevC1 / Nose-point),2.5599999999976717
Preinduction,ID376,In Zone(O1_prevC1 / Nose-point),3.6399999999966894
Preinduction,ID376,In Zone(O2_prevC2 / Nose-point),1.479999999998654
Preinduction,ID376,In Zone(O2_prevC2 / Nose-point),2.199999999997999
Preinduction,ID376,In Zone(O2_prevC2 / Nose-point),12.91999999998825
Preinduction,ID376,Other,0.9199999999991633
Preinduction,ID372,In Zone(C1_prevO1 / Nose-point),10.399999999990541
Preinduction,ID372,In Zone(C1_prevO1 / Nose-point),19.31999999998243
Preinduction,ID372,In Zone(C1_prevO1 / Nose-point),30.359999999972388
Preinduction,ID372,In Zone(C1_prevO1 / Nose-point),83.91999999992368
Preinduction,ID372,In Zone(C1_prevO1 / Nose-point),36.15999999996711
Preinduction,ID372,In Zone(C1_prevO1 / Nose-point),33.959999999969114
Preinduction,ID372,In Zone(C1_prevO1 / Nose-point),1.7599999999983993
Preinduction,ID372,In Zone(C2_prevO2 / Nose-point),11.999999999989086
Preinduction,ID372,In Zone(C2_prevO2 / Nose-point),23.6399999999785
Preinduction,ID372,In Zone(C2_prevO2 / Nose-point),49.59999999995489
Preinduction,ID372,In Zone(C2_prevO2 / Nose-point),79.47999999992771
Preinduction,ID372,In Zone(C2_prevO2 / Nose-point),25.479999999976826
Preinduction,ID372,In Zone(C2_prevO2 / Nose-point),26.19999999997617
Preinduction,ID372,In Zone(C2_prevO2 / Nose-point),56.91999999994823
Preinduction,ID372,In Zone(C2_prevO2 / Nose-point),8.359999999992397
Preinduction,ID372,In Zone(NeutralZone/ Nose-point),1.7199999999984357
Preinduction,ID372,In Zone(NeutralZone/ Nose-point),1.2799999999988358
Preinduction,ID372,In Zone(NeutralZone/ Nose-point),3.559999999996762
Preinduction,ID372,In Zone(NeutralZone/ Nose-point),3.919999999996435
Preinduction,ID372,In Zone(O1_prevC1 / Nose-point),2.5999999999976353
Preinduction,ID372,In Zone(O1_prevC1 / Nose-point),7.039999999993597
Preinduction,ID372,In Zone(O1_prevC1 / Nose-point),1.1199999999989814
Preinduction,ID372,In Zone(O1_prevC1 / Nose-point),3.7199999999966167
Preinduction,ID372,In Zone(O1_prevC1 / Nose-point),7.6399999999930515
Preinduction,ID372,In Zone(O1_prevC1 / Nose-point),4.839999999995598
Preinduction,ID372,In Zone(O1_prevC1 / Nose-point),1.8799999999982901
Preinduction,ID372,In Zone(O1_prevC1 / Nose-point),11.679999999989377
Preinduction,ID372,In Zone(O1_prevC1 / Nose-point),3.479999999996835
Preinduction,ID372,In Zone(O1_round / Nose-point),0.9999999999990905
Preinduction,ID372,In Zone(O2_prevC2 / Nose-point),4.439999999995962
Preinduction,ID372,In Zone(O2_prevC2 / Nose-point),1.5999999999985448
Preinduction,ID372,In Zone(O2_prevC2 / Nose-point),3.3199999999969805
Preinduction,ID372,In Zone(O2_prevC2 / Nose-point),2.5999999999976353
Preinduction,ID372,In Zone(O2_prevC2 / Nose-point),1.1999999999989086
Preinduction,ID372,In Zone(O2_prevC2 / Nose-point),3.6399999999966894
Preinduction,ID372,In Zone(O2_prevC2 / Nose-point),4.839999999995598
Preinduction,ID372,In Zone(O2_prevC2 / Nose-point),1.1999999999989086
Preinduction,ID372,In Zone(O2_prevC2 / Nose-point),3.279999999997017
Preinduction,ID372,In Zone(O2_prevC2 / Nose-point),2.7999999999974534
Preinduction,ID372,In Zone(O2_prevC2 / Nose-point),1.6399999999985084
Preinduction,ID372,In Zone(O2_prevC2 / Nose-point),3.279999999997017
Preinduction,ID372,In Zone(O2_round / Nose-point),1.1199999999989814
Preinduction,ID372,In Zone(O2_round / Nose-point),3.599999999996726
Preinduction,ID372,Other,0.5999999999994543
Preinduction,ID372,Other,0.1999999999998181
Preinduction,ID372,Other,0.15999999999985448
Preinduction,ID372,Other,1.2399999999988722
Preinduction,ID372,Other,0.8799999999991996
Preinduction,ID372,Other,0.07999999999992724
Preinduction,ID372,Other,0.47999999999956344
Preinduction,ID372,Other,1.6399999999985084
Preinduction,ID372,Other,0.9199999999991633
Preinduction,ID372,Other,0.4399999999995998
Preinduction,ID372,Other,0.839999999999236
Preinduction,ID372,Other,0.1999999999998181
Preinduction,ID372,Other,0.5999999999994543
Preinduction,ID374,In Zone(C1_prevO1 / Nose-point),22.48000000049069
Preinduction,ID374,In Zone(C1_prevO1 / Nose-point),19.6400000004287
Preinduction,ID374,In Zone(C1_prevO1 / Nose-point),8.120000000177242
Preinduction,ID374,In Zone(C1_prevO1 / Nose-point),20.04000000043743
Preinduction,ID374,In Zone(C1_prevO1 / Nose-point),4.600000000100408
Preinduction,ID374,In Zone(C1_prevO1 / Nose-point),42.560000000928994
Preinduction,ID374,In Zone(C1_prevO1 / Nose-point),4.960000000108266
Preinduction,ID374,In Zone(C2_prevO2 / Nose-point),13.920000000303844
Preinduction,ID374,In Zone(C2_prevO2 / Nose-point),16.04000000035012
Preinduction,ID374,In Zone(C2_prevO2 / Nose-point),41.400000000903674
Preinduction,ID374,In Zone(C2_prevO2 / Nose-point),29.92000000065309
Preinduction,ID374,In Zone(C2_prevO2 / Nose-point),40.68000000088796
Preinduction,ID374,In Zone(C2_prevO2 / Nose-point),6.200000000135333
Preinduction,ID374,In Zone(C2_prevO2 / Nose-point),4.320000000094296
Preinduction,ID374,In Zone(C2_prevO2 / Nose-point),51.9200000011333
Preinduction,ID374,In Zone(C2_prevO2 / Nose-point),65.64000000143278
Preinduction,ID374,In Zone(C2_prevO2 / Nose-point),1.5200000000331784
Preinduction,ID374,In Zone(C2_prevO2 / Nose-point),88.40000000192958
Preinduction,ID374,In Zone(NeutralZone/ Nose-point),4.040000000088185
Preinduction,ID374,In Zone(NeutralZone/ Nose-point),2.44000000005326
Preinduction,ID374,In Zone(NeutralZone/ Nose-point),1.6800000000366708
Preinduction,ID374,In Zone(NeutralZone/ Nose-point),2.3200000000506407
Preinduction,ID374,In Zone(NeutralZone/ Nose-point),1.3200000000288128
Preinduction,ID374,In Zone(NeutralZone/ Nose-point),1.6000000000349246
Preinduction,ID374,In Zone(NeutralZone/ Nose-point),1.360000000029686
Preinduction,ID374,In Zone(NeutralZone/ Nose-point),2.6400000000576256
Preinduction,ID374,In Zone(NeutralZone/ Nose-point),3.0000000000654836
Preinduction,ID374,In Zone(NeutralZone/ Nose-point),2.800000000061118
Preinduction,ID374,In Zone(NeutralZone/ Nose-point),1.8000000000392902
Preinduction,ID374,In Zone(NeutralZone/ Nose-point),5.120000000111759
Preinduction,ID374,In Zone(NeutralZone/ Nose-point),1.400000000030559
Preinduction,ID374,In Zone(NeutralZone/ Nose-point),2.9600000000646105
Preinduction,ID374,In Zone(NeutralZone/ Nose-point),2.080000000045402
Preinduction,ID374,In Zone(O1_prevC1 / Nose-point),1.2800000000279397
Preinduction,ID374,In Zone(O1_prevC1 / Nose-point),2.120000000046275
Preinduction,ID374,In Zone(O1_prevC1 / Nose-point),3.760000000082073
Preinduction,ID374,In Zone(O1_prevC1 / Nose-point),7.560000000165019
Preinduction,ID374,In Zone(O1_prevC1 / Nose-point),3.840000000083819
Preinduction,ID374,In Zone(O1_prevC1 / Nose-point),1.5600000000340515
Preinduction,ID374,In Zone(O1_prevC1 / Nose-point),3.160000000068976
Preinduction,ID374,In Zone(O1_prevC1 / Nose-point),2.44000000005326
Preinduction,ID374,In Zone(O1_round / Nose-point),3.480000000075961
Preinduction,ID374,In Zone(O1_round / Nose-point),2.840000000061991
Preinduction,ID374,In Zone(O2_prevC2 / Nose-point),2.840000000061991
Preinduction,ID374,In Zone(O2_prevC2 / Nose-point),1.040000000022701
Preinduction,ID374,In Zone(O2_prevC2 / Nose-point),1.6000000000349246
Preinduction,ID374,In Zone(O2_prevC2 / Nose-point),4.800000000104774
Preinduction,ID374,In Zone(O2_prevC2 / Nose-point),3.200000000069849
Preinduction,ID374,In Zone(O2_prevC2 / Nose-point),1.400000000030559
Preinduction,ID374,In Zone(O2_prevC2 / Nose-point),1.6400000000357977
Preinduction,ID374,In Zone(O2_prevC2 / Nose-point),2.44000000005326
Preinduction,ID374,In Zone(O2_prevC2 / Nose-point),2.040000000044529
Preinduction,ID374,In Zone(O2_prevC2 / Nose-point),17.880000000390282
Preinduction,ID374,In Zone(O2_round / Nose-point),1.040000000022701
Preinduction,ID374,Other,1.040000000022701
Preinduction,ID374,Other,0.2800000000061118
Preinduction,ID374,Other,0.20000000000436557
Preinduction,ID374,Other,1.040000000022701
Preinduction,ID374,Other,0.9600000000209548
Preinduction,ID374,Other,0.2800000000061118
Preinduction,ID374,Other,2.5200000000550062
Preinduction,ID374,Other,0.5600000000122236
Preinduction,ID374,Other,0.6000000000130967
Preinduction,ID374,Other,0.7200000000157161
Preinduction,ID374,Other,0.8400000000183354
Preinduction,ID429,In Zone(C1_prevO1 / Nose-point),13.600000000296859
Preinduction,ID429,In Zone(C1_prevO1 / Nose-point),7.200000000157161
Preinduction,ID429,In Zone(C1_prevO1 / Nose-point),14.600000000318687
Preinduction,ID429,In Zone(C1_prevO1 / Nose-point),9.720000000212167
Preinduction,ID429,In Zone(C1_prevO1 / Nose-point),15.560000000339642
Preinduction,ID429,In Zone(C1_prevO1 / Nose-point),58.00000000126602
Preinduction,ID429,In Zone(C1_prevO1 / Nose-point),15.960000000348373
Preinduction,ID429,In Zone(C1_prevO1 / Nose-point),25.120000000548316
Preinduction,ID429,In Zone(C1_prevO1 / Nose-point),18.920000000412983
Preinduction,ID429,In Zone(C1_prevO1 / Nose-point),115.7600000025268
Preinduction,ID429,In Zone(C2_prevO2 / Nose-point),12.08000000026368
Preinduction,ID429,In Zone(C2_prevO2 / Nose-point),1.6800000000366708
Preinduction,ID429,In Zone(C2_prevO2 / Nose-point),1.9600000000427826
Preinduction,ID429,In Zone(C2_prevO2 / Nose-point),20.6800000004514
Preinduction,ID429,In Zone(C2_prevO2 / Nose-point),12.32000000026892
Preinduction,ID429,In Zone(C2_prevO2 / Nose-point),14.52000000031694
Preinduction,ID429,In Zone(C2_prevO2 / Nose-point),21.480000000468863
Preinduction,ID429,In Zone(C2_prevO2 / Nose-point),9.360000000204309
Preinduction,ID429,In Zone(NeutralZone/ Nose-point),2.44000000005326
Preinduction,ID429,In Zone(NeutralZone/ Nose-point),2.160000000047148
Preinduction,ID429,In Zone(NeutralZone/ Nose-point),1.9600000000427826
Preinduction,ID429,In Zone(NeutralZone/ Nose-point),5.7600000001257285
Preinduction,ID429,In Zone(NeutralZone/ Nose-point),3.840000000083819
Preinduction,ID429,In Zone(NeutralZone/ Nose-point),3.7200000000811997
Preinduction,ID429,In Zone(NeutralZone/ Nose-point),1.5200000000331784
Preinduction,ID429,In Zone(NeutralZone/ Nose-point),3.6000000000785803
Preinduction,ID429,In Zone(NeutralZone/ Nose-point),3.120000000068103
Preinduction,ID429,In Zone(NeutralZone/ Nose-point),2.5600000000558794
Preinduction,ID429,In Zone(O1_prevC1 / Nose-point),3.9600000000864384
Preinduction,ID429,In Zone(O1_prevC1 / Nose-point),4.080000000089058
Preinduction,ID429,In Zone(O1_prevC1 / Nose-point),10.360000000226137
Preinduction,ID429,In Zone(O1_prevC1 / Nose-point),6.8000000001484295
Preinduction,ID429,In Zone(O1_prevC1 / Nose-point),4.600000000100408
Preinduction,ID429,In Zone(O1_prevC1 / Nose-point),4.400000000096043
Preinduction,ID429,In Zone(O1_prevC1 / Nose-point),2.6000000000567525
Preinduction,ID429,In Zone(O1_prevC1 / Nose-point),5.240000000114378
Preinduction,ID429,In Zone(O1_prevC1 / Nose-point),3.3600000000733417
Preinduction,ID429,In Zone(O1_round / Nose-point),4.600000000100408
Preinduction,ID429,In Zone(O1_round / Nose-point),3.880000000084692
Preinduction,ID429,In Zone(O1_round / Nose-point),2.6000000000567525
Preinduction,ID429,In Zone(O2_prevC2 / Nose-point),3.0400000000663567
Preinduction,ID429,In Zone(O2_prevC2 / Nose-point),6.880000000150176
Preinduction,ID429,In Zone(O2_prevC2 / Nose-point),6.000000000130967
Preinduction,ID429,In Zone(O2_prevC2 / Nose-point),3.4000000000742148
Preinduction,ID429,In Zone(O2_prevC2 / Nose-point),8.000000000174623
Preinduction,ID429,In Zone(O2_prevC2 / Nose-point),4.040000000088185
Preinduction,ID429,In Zone(O2_prevC2 / Nose-point),12.400000000270666
Preinduction,ID429,In Zone(O2_prevC2 / Nose-point),4.480000000097789
Preinduction,ID429,In Zone(O2_prevC2 / Nose-point),2.120000000046275
Preinduction,ID429,In Zone(O2_prevC2 / Nose-point),2.120000000046275
Preinduction,ID429,In Zone(O2_prevC2 / Nose-point),7.400000000161526
Preinduction,ID429,In Zone(O2_prevC2 / Nose-point),3.9200000000855653
Preinduction,ID429,In Zone(O2_prevC2 / Nose-point),5.52000000012049
Preinduction,ID429,In Zone(O2_prevC2 / Nose-point),16.20000000035361
Preinduction,ID429,In Zone(O2_prevC2 / Nose-point),7.440000000162399
Preinduction,ID429,In Zone(O2_prevC2 / Nose-point),1.6800000000366708
Preinduction,ID429,In Zone(O2_prevC2 / Nose-point),2.040000000044529
Preinduction,ID429,In Zone(O2_round / Nose-point),5.360000000116997
Preinduction,ID429,In Zone(O2_round / Nose-point),1.400000000030559
Preinduction,ID429,In Zone(O2_round / Nose-point),1.360000000029686
Preinduction,ID429,In Zone(O2_round / Nose-point),8.60000000018772
Preinduction,ID429,In Zone(O2_round / Nose-point),3.120000000068103
Preinduction,ID429,Other,0.6400000000139698
Preinduction,ID429,Other,0.7200000000157161
Preinduction,ID429,Other,0.36000000000785803
Preinduction,ID429,Other,0.16000000000349246
Preinduction,ID429,Other,0.7600000000165892
Preinduction,ID429,Other,0.6400000000139698
Preinduction,ID429,Other,0.08000000000174623
Preinduction,ID429,Other,0.5200000000113505
Preinduction,ID429,Other,0.680000000014843
Preinduction,ID429,Other,0.2800000000061118
Preinduction,ID429,Other,0.8800000000192085
Preinduction,ID429,Other,0.6400000000139698
Preinduction,ID429,Other,0.08000000000174623
Preinduction,ID429,Other,0.6000000000130967
Preinduction,ID429,Other,0.6400000000139698
Preinduction,ID423,In Zone(C1_prevO1 / Nose-point),3.200000000069849
Preinduction,ID423,In Zone(C2_prevO2 / Nose-point),116.48000000254251
Preinduction,ID423,In Zone(C2_prevO2 / Nose-point),98.56000000215136
Preinduction,ID423,In Zone(C2_prevO2 / Nose-point),132.36000000288914
Preinduction,ID423,In Zone(C2_prevO2 / Nose-point),119.08000000259926
Preinduction,ID423,In Zone(NeutralZone/ Nose-point),6.280000000137079
Preinduction,ID423,In Zone(NeutralZone/ Nose-point),10.880000000237487
Preinduction,ID423,In Zone(O1_prevC1 / Nose-point),4.800000000104774
Preinduction,ID423,In Zone(O1_prevC1 / Nose-point),3.480000000075961
Preinduction,ID423,In Zone(O1_prevC1 / Nose-point),1.080000000023574
Preinduction,ID423,In Zone(O1_prevC1 / Nose-point),1.360000000029686
Preinduction,ID423,In Zone(O1_prevC1 / Nose-point),3.6400000000794535
Preinduction,ID423,In Zone(O1_prevC1 / Nose-point),7.1200000001554145
Preinduction,ID423,In Zone(O1_round / Nose-point),2.760000000060245
Preinduction,ID423,In Zone(O1_round / Nose-point),2.360000000051514
Preinduction,ID423,In Zone(O2_prevC2 / Nose-point),1.760000000038417
Preinduction,ID423,In Zone(O2_prevC2 / Nose-point),5.720000000124855
Preinduction,ID423,In Zone(O2_prevC2 / Nose-point),3.760000000082073
Preinduction,ID423,In Zone(O2_prevC2 / Nose-point),11.200000000244472
Preinduction,ID423,In Zone(O2_prevC2 / Nose-point),22.800000000497676
Preinduction,ID423,In Zone(O2_prevC2 / Nose-point),32.64000000071246
Preinduction,ID423,In Zone(O2_prevC2 / Nose-point),1.4400000000314321
Preinduction,ID423,In Zone(O2_prevC2 / Nose-point),2.760000000060245
Preinduction,ID423,Other,1.6000000000349246
Preinduction,ID423,Other,0.40000000000873115
Preinduction,ID423,Other,0.44000000000960426
Preinduction,ID423,Other,0.2400000000052387
Preinduction,ID423,Other,1.0000000000218279
Preinduction,ID423,Other,0.680000000014843
Preinduction,ID463,In Zone(C1_prevO1 / Nose-point),3.159999999997126
Preinduction,ID463,In Zone(C1_prevO1 / Nose-point),2.6799999999975626
Preinduction,ID463,In Zone(C1_prevO1 / Nose-point),46.239999999957945
Preinduction,ID463,In Zone(C1_prevO1 / Nose-point),6.95999999999367
Preinduction,ID463,In Zone(C1_prevO1 / Nose-point),30.199999999972533
Preinduction,ID463,In Zone(C1_prevO1 / Nose-point),11.199999999989814
Preinduction,ID463,In Zone(C1_prevO1 / Nose-point),48.03999999995631
Preinduction,ID463,In Zone(C2_prevO2 / Nose-point),18.3599999999833
Preinduction,ID463,In Zone(C2_prevO2 / Nose-point),39.91999999996369
Preinduction,ID463,In Zone(C2_prevO2 / Nose-point),5.359999999995125
Preinduction,ID463,In Zone(C2_prevO2 / Nose-point),3.279999999997017
Preinduction,ID463,In Zone(C2_prevO2 / Nose-point),139.27999999987333
Preinduction,ID463,In Zone(C2_prevO2 / Nose-point),117.59999999989304
Preinduction,ID463,In Zone(NeutralZone/ Nose-point),1.5199999999986176
Preinduction,ID463,In Zone(NeutralZone/ Nose-point),3.159999999997126
Preinduction,ID463,In Zone(NeutralZone/ Nose-point),1.6399999999985084
Preinduction,ID463,In Zone(NeutralZone/ Nose-point),1.8399999999983265
Preinduction,ID463,In Zone(NeutralZone/ Nose-point),3.1199999999971624
Preinduction,ID463,In Zone(NeutralZone/ Nose-point),3.3999999999969077
Preinduction,ID463,In Zone(NeutralZone/ Nose-point),1.8399999999983265
Preinduction,ID463,In Zone(NeutralZone/ Nose-point),3.919999999996435
Preinduction,ID463,In Zone(NeutralZone/ Nose-point),3.919999999996435
Preinduction,ID463,In Zone(NeutralZone/ Nose-point),3.999999999996362
Preinduction,ID463,In Zone(O1_prevC1 / Nose-point),2.7999999999974534
Preinduction,ID463,In Zone(O1_prevC1 / Nose-point),4.119999999996253
Preinduction,ID463,In Zone(O1_prevC1 / Nose-point),6.4799999999941065
Preinduction,ID463,In Zone(O1_prevC1 / Nose-point),1.2399999999988722
Preinduction,ID463,In Zone(O2_prevC2 / Nose-point),21.75999999998021
Preinduction,ID463,In Zone(O2_prevC2 / Nose-point),6.039999999994507
Preinduction,ID463,In Zone(O2_prevC2 / Nose-point),6.4799999999941065
Preinduction,ID463,In Zone(O2_prevC2 / Nose-point),2.8799999999973807
Preinduction,ID463,In Zone(O2_prevC2 / Nose-point),43.27999999996064
Preinduction,ID463,Other,0.7599999999993088
Preinduction,ID463,Other,0.5999999999994543
Preinduction,ID463,Other,0.9199999999991633
Preinduction,ID463,Other,0.839999999999236
Preinduction,ID463,Other,0.31999999999970896
Preinduction,ID463,Other,0.7599999999993088
Preinduction,ID459,In Zone(C1_prevO1 / Nose-point),29.919999999972788
Preinduction,ID459,In Zone(C1_prevO1 / Nose-point),101.4799999999077
Preinduction,ID459,In Zone(C1_prevO1 / Nose-point),2.75999999999749
Preinduction,ID459,In Zone(C1_prevO1 / Nose-point),59.19999999994616
Preinduction,ID459,In Zone(C1_prevO1 / Nose-point),218.2399999998015
Preinduction,ID459,In Zone(C1_prevO1 / Nose-point),30.83999999997195
Preinduction,ID459,In Zone(C2_prevO2 / Nose-point),34.67999999996846
Preinduction,ID459,In Zone(C2_prevO2 / Nose-point),26.51999999997588
Preinduction,ID459,In Zone(NeutralZone/ Nose-point),3.359999999996944
Preinduction,ID459,In Zone(NeutralZone/ Nose-point),3.559999999996762
Preinduction,ID459,In Zone(NeutralZone/ Nose-point),2.0799999999981083
Preinduction,ID459,In Zone(NeutralZone/ Nose-point),2.31999999999789
Preinduction,ID459,In Zone(NeutralZone/ Nose-point),3.999999999996362
Preinduction,ID459,In Zone(NeutralZone/ Nose-point),2.519999999997708
Preinduction,ID459,In Zone(NeutralZone/ Nose-point),3.7599999999965803
Preinduction,ID459,In Zone(O1_prevC1 / Nose-point),16.03999999998541
Preinduction,ID459,In Zone(O1_prevC1 / Nose-point),2.7999999999974534
Preinduction,ID459,In Zone(O1_prevC1 / Nose-point),3.559999999996762
Preinduction,ID459,In Zone(O2_prevC2 / Nose-point),3.039999999997235
Preinduction,ID459,In Zone(O2_prevC2 / Nose-point),2.119999999998072
Preinduction,ID459,In Zone(O2_prevC2 / Nose-point),13.879999999987376
Preinduction,ID459,In Zone(O2_prevC2 / Nose-point),1.5599999999985812
Preinduction,ID459,In Zone(O2_prevC2 / Nose-point),1.1999999999989086
Preinduction,ID459,In Zone(O2_prevC2 / Nose-point),1.359999999998763
Preinduction,ID459,In Zone(O2_prevC2 / Nose-point),3.279999999997017
Preinduction,ID459,In Zone(O2_prevC2 / Nose-point),3.599999999996726
Preinduction,ID459,In Zone(O2_prevC2 / Nose-point),2.3599999999978536
Preinduction,ID459,In Zone(O2_prevC2 / Nose-point),4.799999999995634
Preinduction,ID459,In Zone(O2_round / Nose-point),2.1599999999980355
Preinduction,ID459,In Zone(O2_round / Nose-point),3.5199999999967986
Preinduction,ID459,In Zone(O2_round / Nose-point),3.679999999996653
Preinduction,ID459,Other,0.31999999999970896
Preinduction,ID459,Other,0.23999999999978172
Preinduction,ID459,Other,0.6799999999993815
Preinduction,ID459,Other,1.9199999999982538
Preinduction,ID459,Other,0.31999999999970896
Preinduction,ID459,Other,0.27999999999974534
Preinduction,ID459,Other,0.7599999999993088
Preinduction,ID459,Other,0.23999999999978172
Preinduction,ID459,Other,0.5199999999995271
Preinduction,ID459,Other,0.3999999999996362
Preinduction,ID398,In Zone(C1_prevO1 / Nose-point),51.28000000111933
Preinduction,ID398,In Zone(C1_prevO1 / Nose-point),7.200000000157161
Preinduction,ID398,In Zone(C1_prevO1 / Nose-point),11.44000000024971
Preinduction,ID398,In Zone(C1_prevO1 / Nose-point),187.24000000408705
Preinduction,ID398,In Zone(C2_prevO2 / Nose-point),59.280000001293956
Preinduction,ID398,In Zone(C2_prevO2 / Nose-point),161.84000000353262
Preinduction,ID398,In Zone(C2_prevO2 / Nose-point),19.720000000430446
Preinduction,ID398,In Zone(NeutralZone/ Nose-point),10.000000000218279
Preinduction,ID398,In Zone(NeutralZone/ Nose-point),1.080000000023574
Preinduction,ID398,In Zone(NeutralZone/ Nose-point),1.760000000038417
Preinduction,ID398,In Zone(NeutralZone/ Nose-point),1.4400000000314321
Preinduction,ID398,In Zone(O1_prevC1 / Nose-point),3.440000000075088
Preinduction,ID398,In Zone(O1_prevC1 / Nose-point),10.92000000023836
Preinduction,ID398,In Zone(O1_prevC1 / Nose-point),3.2400000000707223
Preinduction,ID398,In Zone(O1_prevC1 / Nose-point),2.6800000000584987
Preinduction,ID398,In Zone(O1_prevC1 / Nose-point),3.0000000000654836
Preinduction,ID398,In Zone(O2_prevC2 / Nose-point),7.520000000164146
Preinduction,ID398,In Zone(O2_prevC2 / Nose-point),1.4400000000314321
Preinduction,ID398,In Zone(O2_prevC2 / Nose-point),9.080000000198197
Preinduction,ID398,In Zone(O2_prevC2 / Nose-point),1.2800000000279397
Preinduction,ID398,In Zone(O2_prevC2 / Nose-point),8.440000000184227
Preinduction,ID398,In Zone(O2_prevC2 / Nose-point),12.480000000272412
Preinduction,ID398,In Zone(O2_prevC2 / Nose-point),9.080000000198197
Preinduction,ID398,In Zone(O2_prevC2 / Nose-point),6.320000000137952
Preinduction,ID398,In Zone(O2_round / Nose-point),1.5600000000340515
Preinduction,ID398,In Zone(O2_round / Nose-point),3.2400000000707223
Preinduction,ID398,Other,0.3200000000069849
Preinduction,ID398,Other,1.3200000000288128
Preinduction,ID398,Other,0.040000000000873115
Preinduction,ID398,Other,0.5600000000122236
Preinduction,ID398,Other,0.7200000000157161
Preinduction,ID398,Other,0.40000000000873115
Preinduction,ID398,Other,0.5200000000113505
Preinduction,ID400,In Zone(C1_prevO1 / Nose-point),56.36000000123022
Preinduction,ID400,In Zone(C1_prevO1 / Nose-point),118.7200000025914
Preinduction,ID400,In Zone(C2_prevO2 / Nose-point),35.28000000077009
Preinduction,ID400,In Zone(C2_prevO2 / Nose-point),110.4000000024098
Preinduction,ID400,In Zone(C2_prevO2 / Nose-point),18.280000000399014
Preinduction,ID400,In Zone(C2_prevO2 / Nose-point),242.76000000529893
Preinduction,ID400,In Zone(NeutralZone/ Nose-point),2.480000000054133
Preinduction,ID400,In Zone(NeutralZone/ Nose-point),3.7200000000811997
Preinduction,ID400,In Zone(NeutralZone/ Nose-point),2.400000000052387
Preinduction,ID400,In Zone(NeutralZone/ Nose-point),2.9600000000646105
Preinduction,ID400,In Zone(NeutralZone/ Nose-point),2.800000000061118
Preinduction,ID400,In Zone(O2_prevC2 / Nose-point),3.0000000000654836
Preinduction,ID400,Other,0.7200000000157161
W1,ID376,In Zone(C1_prevO1 / Nose-point),10.879999999990105
W1,ID376,In Zone(C1_prevO1 / Nose-point),70.51999999993586
W1,ID376,In Zone(C1_prevO1 / Nose-point),32.47999999997046
W1,ID376,In Zone(C1_prevO1 / Nose-point),18.3599999999833
W1,ID376,In Zone(C1_prevO1 / Nose-point),23.31999999997879
W1,ID376,In Zone(C1_prevO1 / Nose-point),11.199999999989814
W1,ID376,In Zone(C1_prevO1 / Nose-point),20.919999999980973
W1,ID376,In Zone(C2_prevO2 / Nose-point),41.43999999996231
W1,ID376,In Zone(C2_prevO2 / Nose-point),65.27999999994063
W1,ID376,In Zone(C2_prevO2 / Nose-point),23.87999999997828
W1,ID376,In Zone(C2_prevO2 / Nose-point),39.47999999996409
W1,ID376,In Zone(C2_prevO2 / Nose-point),27.119999999975335
W1,ID376,In Zone(C2_prevO2 / Nose-point),9.599999999991269
W1,ID376,In Zone(C2_prevO2 / Nose-point),23.119999999978972
W1,ID376,In Zone(NeutralZone/ Nose-point),2.31999999999789
W1,ID376,In Zone(NeutralZone/ Nose-point),1.159999999998945
W1,ID376,In Zone(NeutralZone/ Nose-point),1.7199999999984357
W1,ID376,In Zone(NeutralZone/ Nose-point),2.75999999999749
W1,ID376,In Zone(NeutralZone/ Nose-point),5.719999999994798
W1,ID376,In Zone(NeutralZone/ Nose-point),3.039999999997235
W1,ID376,In Zone(NeutralZone/ Nose-point),4.919999999995525
W1,ID376,In Zone(NeutralZone/ Nose-point),9.479999999991378
W1,ID376,In Zone(NeutralZone/ Nose-point),26.759999999975662
W1,ID376,In Zone(NeutralZone/ Nose-point),1.5599999999985812
W1,ID376,In Zone(NeutralZone/ Nose-point),11.199999999989814
W1,ID376,In Zone(NeutralZone/ Nose-point),6.639999999993961
W1,ID376,In Zone(NeutralZone/ Nose-point),5.07999999999538
W1,ID376,In Zone(NeutralZone/ Nose-point),7.919999999992797
W1,ID376,In Zone(NeutralZone/ Nose-point),13.399999999987813
W1,ID376,In Zone(O1_prevC1 / Nose-point),6.119999999994434
W1,ID376,In Zone(O1_prevC1 / Nose-point),2.8799999999973807
W1,ID376,In Zone(O1_prevC1 / Nose-point),6.919999999993706
W1,ID376,In Zone(O1_prevC1 / Nose-point),16.439999999985048
W1,ID376,In Zone(O2_prevC2 / Nose-point),4.959999999995489
W1,ID376,In Zone(O2_prevC2 / Nose-point),3.799999999996544
W1,ID376,In Zone(O2_prevC2 / Nose-point),14.239999999987049
W1,ID376,In Zone(O2_prevC2 / Nose-point),10.999999999989996
W1,ID376,In Zone(O2_prevC2 / Nose-point),2.639999999997599
W1,ID376,In Zone(O2_prevC2 / Nose-point),6.679999999993925
W1,ID376,Other,0.1999999999998181
W1,ID376,Other,0.839999999999236
W1,ID376,Other,0.6399999999994179
W1,ID376,Other,0.4399999999995998
W1,ID376,Other,0.7999999999992724
W1,ID372,In Zone(C1_prevO1 / Nose-point),50.03999999995449
W1,ID372,In Zone(C1_prevO1 / Nose-point),139.35999999987325
W1,ID372,In Zone(C1_prevO1 / Nose-point),44.75999999995929
W1,ID372,In Zone(C1_prevO1 / Nose-point),128.27999999988333
W1,ID372,In Zone(C1_prevO1 / Nose-point),41.159999999962565
W1,ID372,In Zone(C2_prevO2 / Nose-point),32.59999999997035
W1,ID372,In Zone(C2_prevO2 / Nose-point),79.19999999992797
W1,ID372,In Zone(C2_prevO2 / Nose-point),18.99999999998272
W1,ID372,In Zone(C2_prevO2 / Nose-point),18.079999999983556
W1,ID372,In Zone(C2_prevO2 / Nose-point),18.959999999982756
W1,ID372,In Zone(NeutralZone/ Nose-point),1.3199999999987995
W1,ID372,In Zone(NeutralZone/ Nose-point),1.9599999999982174
W1,ID372,In Zone(O1_prevC1 / Nose-point),5.07999999999538
W1,ID372,In Zone(O1_prevC1 / Nose-point),3.4399999999968713
W1,ID372,In Zone(O2_prevC2 / Nose-point),3.3999999999969077
W1,ID372,In Zone(O2_prevC2 / Nose-point),1.359999999998763
W1,ID372,In Zone(O2_prevC2 / Nose-point),8.319999999992433
W1,ID372,Other,0.5199999999995271
W1,ID372,Other,0.47999999999956344
W1,ID372,Other,0.9999999999990905
W1,ID372,Other,0.9199999999991633
W1,ID372,Other,0.6399999999994179
W1,ID374,In Zone(C1_prevO1 / Nose-point),106.96000000233471
W1,ID374,In Zone(C1_prevO1 / Nose-point),52.76000000115164
W1,ID374,In Zone(C1_prevO1 / Nose-point),45.520000000993605
W1,ID374,In Zone(C1_prevO1 / Nose-point),18.600000000406
W1,ID374,In Zone(C1_prevO1 / Nose-point),9.440000000206055
W1,ID374,In Zone(C1_prevO1 / Nose-point),31.840000000695
W1,ID374,In Zone(C2_prevO2 / Nose-point),20.960000000457512
W1,ID374,In Zone(C2_prevO2 / Nose-point),37.320000000814616
W1,ID374,In Zone(C2_prevO2 / Nose-point),48.480000001058215
W1,ID374,In Zone(C2_prevO2 / Nose-point),53.480000001167355
W1,ID374,In Zone(C2_prevO2 / Nose-point),25.760000000562286
W1,ID374,In Zone(C2_prevO2 / Nose-point),65.9200000014389
W1,ID374,In Zone(C2_prevO2 / Nose-point),36.400000000794535
W1,ID374,In Zone(NeutralZone/ Nose-point),2.9200000000637374
W1,ID374,In Zone(NeutralZone/ Nose-point),5.240000000114378
W1,ID374,In Zone(NeutralZone/ Nose-point),2.6800000000584987
W1,ID374,In Zone(NeutralZone/ Nose-point),4.440000000096916
W1,ID374,In Zone(NeutralZone/ Nose-point),2.0000000000436557
W1,ID374,In Zone(NeutralZone/ Nose-point),1.6800000000366708
W1,ID374,In Zone(NeutralZone/ Nose-point),6.720000000146683
W1,ID374,In Zone(O1_prevC1 / Nose-point),4.24000000009255
W1,ID374,In Zone(O1_prevC1 / Nose-point),3.08000000006723
W1,ID374,In Zone(O2_prevC2 / Nose-point),1.6400000000357977
W1,ID374,In Zone(O2_prevC2 / Nose-point),3.9200000000855653
W1,ID374,In Zone(O2_prevC2 / Nose-point),3.760000000082073
W1,ID374,Other,0.5200000000113505
W1,ID374,Other,0.20000000000436557
W1,ID374,Other,0.9200000000200816
W1,ID374,Other,2.480000000054133
W1,ID429,In Zone(C1_prevO1 / Nose-point),19.080000000416476
W1,ID429,In Zone(C1_prevO1 / Nose-point),35.72000000077969
W1,ID429,In Zone(C1_prevO1 / Nose-point),21.08000000046013
W1,ID429,In Zone(C1_prevO1 / Nose-point),117.96000000257482
W1,ID429,In Zone(C1_prevO1 / Nose-point),83.68000000182656
W1,ID429,In Zone(C1_prevO1 / Nose-point),150.64000000328815
W1,ID429,In Zone(C1_prevO1 / Nose-point),17.000000000371074
W1,ID429,In Zone(C2_prevO2 / Nose-point),14.880000000324799
W1,ID429,In Zone(C2_prevO2 / Nose-point),16.640000000363216
W1,ID429,In Zone(C2_prevO2 / Nose-point),12.84000000028027
W1,ID429,In Zone(C2_prevO2 / Nose-point),7.520000000164146
W1,ID429,In Zone(C2_prevO2 / Nose-point),11.480000000250584
W1,ID429,In Zone(C2_prevO2 / Nose-point),1.5200000000331784
W1,ID429,In Zone(NeutralZone/ Nose-point),1.6800000000366708
W1,ID429,In Zone(NeutralZone/ Nose-point),6.0800000001327135
W1,ID429,In Zone(NeutralZone/ Nose-point),3.6400000000794535
W1,ID429,In Zone(O1_prevC1 / Nose-point),1.8000000000392902
W1,ID429,In Zone(O1_prevC1 / Nose-point),1.5200000000331784
W1,ID429,In Zone(O1_prevC1 / Nose-point),4.520000000098662
W1,ID429,In Zone(O1_prevC1 / Nose-point),15.80000000034488
W1,ID429,In Zone(O1_prevC1 / Nose-point),1.040000000022701
W1,ID429,In Zone(O1_prevC1 / Nose-point),2.840000000061991
W1,ID429,In Zone(O1_prevC1 / Nose-point),2.760000000060245
W1,ID429,In Zone(O2_prevC2 / Nose-point),2.2400000000488944
W1,ID429,In Zone(O2_prevC2 / Nose-point),7.360000000160653
W1,ID429,In Zone(O2_prevC2 / Nose-point),2.360000000051514
W1,ID429,In Zone(O2_prevC2 / Nose-point),5.4000000001178705
W1,ID429,In Zone(O2_prevC2 / Nose-point),14.680000000320433
W1,ID429,In Zone(O2_prevC2 / Nose-point),2.480000000054133
W1,ID429,In Zone(O2_prevC2 / Nose-point),4.24000000009255
W1,ID429,In Zone(O2_prevC2 / Nose-point),3.7200000000811997
W1,ID429,Other,1.0000000000218279
W1,ID429,Other,1.2000000000261934
W1,ID429,Other,0.5200000000113505
W1,ID429,Other,0.12000000000261934
W1,ID429,Other,0.8800000000192085
W1,ID429,Other,0.680000000014843
W1,ID429,Other,0.9200000000200816
W1,ID429,Other,0.36000000000785803
W1,ID423,In Zone(C1_prevO1 / Nose-point),25.360000000553555
W1,ID423,In Zone(C1_prevO1 / Nose-point),4.800000000104774
W1,ID423,In Zone(C1_prevO1 / Nose-point),16.760000000365835
W1,ID423,In Zone(C2_prevO2 / Nose-point),9.76000000021304
W1,ID423,In Zone(C2_prevO2 / Nose-point),92.00000000200816
W1,ID423,In Zone(C2_prevO2 / Nose-point),103.36000000225613
W1,ID423,In Zone(C2_prevO2 / Nose-point),2.0000000000436557
W1,ID423,In Zone(C2_prevO2 / Nose-point),244.36000000533386
W1,ID423,In Zone(C2_prevO2 / Nose-point),57.96000000126514
W1,ID423,In Zone(NeutralZone/ Nose-point),1.400000000030559
W1,ID423,In Zone(NeutralZone/ Nose-point),1.040000000022701
W1,ID423,In Zone(NeutralZone/ Nose-point),1.3200000000288128
W1,ID423,In Zone(NeutralZone/ Nose-point),1.0000000000218279
W1,ID423,In Zone(O1_prevC1 / Nose-point),2.6000000000567525
W1,ID423,In Zone(O1_prevC1 / Nose-point),2.720000000059372
W1,ID423,In Zone(O1_prevC1 / Nose-point),2.840000000061991
W1,ID423,In Zone(O1_round / Nose-point),1.5200000000331784
W1,ID423,In Zone(O2_prevC2 / Nose-point),6.200000000135333
W1,ID423,In Zone(O2_prevC2 / Nose-point),2.6400000000576256
W1,ID423,In Zone(O2_prevC2 / Nose-point),9.680000000211294
W1,ID423,In Zone(O2_prevC2 / Nose-point),6.320000000137952
W1,ID423,Other,0.2400000000052387
W1,ID423,Other,0.9200000000200816
W1,ID423,Other,2.44000000005326
W1,ID423,Other,0.4800000000104774
W1,ID423,Other,0.16000000000349246
W1,ID450,In Zone(C1_prevO1 / Nose-point),2.2399999999979627
W1,ID450,In Zone(C1_prevO1 / Nose-point),31.83999999997104
W1,ID450,In Zone(C1_prevO1 / Nose-point),45.99999999995816
W1,ID450,In Zone(C1_prevO1 / Nose-point),2.75999999999749
W1,ID450,In Zone(C1_prevO1 / Nose-point),62.43999999994321
W1,ID450,In Zone(C1_prevO1 / Nose-point),3.6399999999966894
W1,ID450,In Zone(C1_prevO1 / Nose-point),18.479999999983193
W1,ID450,In Zone(C1_prevO1 / Nose-point),19.199999999982538
W1,ID450,In Zone(C1_prevO1 / Nose-point),20.5599999999813
W1,ID450,In Zone(C2_prevO2 / Nose-point),29.359999999973297
W1,ID450,In Zone(C2_prevO2 / Nose-point),35.47999999996773
W1,ID450,In Zone(C2_prevO2 / Nose-point),45.19999999995889
W1,ID450,In Zone(C2_prevO2 / Nose-point),138.27999999987424
W1,ID450,In Zone(C2_prevO2 / Nose-point),50.759999999953834
W1,ID450,In Zone(C2_prevO2 / Nose-point),28.039999999974498
W1,ID450,In Zone(NeutralZone/ Nose-point),1.0399999999990541
W1,ID450,In Zone(NeutralZone/ Nose-point),1.5599999999985812
W1,ID450,In Zone(O1_prevC1 / Nose-point),3.0799999999971988
W1,ID450,In Zone(O1_prevC1 / Nose-point),1.5199999999986176
W1,ID450,In Zone(O1_prevC1 / Nose-point),3.039999999997235
W1,ID450,In Zone(O1_prevC1 / Nose-point),2.6799999999975626
W1,ID450,In Zone(O1_prevC1 / Nose-point),2.8799999999973807
W1,ID450,In Zone(O1_prevC1 / Nose-point),15.639999999985776
W1,ID450,In Zone(O1_prevC1 / Nose-point),5.439999999995052
W1,ID450,In Zone(O2_prevC2 / Nose-point),6.639999999993961
W1,ID450,In Zone(O2_prevC2 / Nose-point),7.799999999992906
W1,ID450,In Zone(O2_prevC2 / Nose-point),4.19999999999618
W1,ID450,In Zone(O2_prevC2 / Nose-point),5.279999999995198
W1,ID450,Other,0.23999999999978172
W1,ID450,Other,0.7199999999993452
W1,ID450,Other,0.839999999999236
W1,ID450,Other,0.27999999999974534
W1,ID450,Other,0.839999999999236
W1,ID450,Other,0.3999999999996362
W1,ID450,Other,0.3599999999996726
W1,ID450,Other,0.3999999999996362
W1,ID450,Other,0.5199999999995271
W1,ID450,Other,0.23999999999978172
W1,ID597,In Zone(C1_prevO1 / Nose-point),35.48000000077445
W1,ID597,In Zone(C1_prevO1 / Nose-point),28.600000000624277
W1,ID597,In Zone(C1_prevO1 / Nose-point),50.76000000110798
W1,ID597,In Zone(C1_prevO1 / Nose-point),47.52000000103726
W1,ID597,In Zone(C1_prevO1 / Nose-point),85.8400000018737
W1,ID597,In Zone(C1_prevO1 / Nose-point),18.920000000412983
W1,ID597,In Zone(C2_prevO2 / Nose-point),5.880000000128348
W1,ID597,In Zone(C2_prevO2 / Nose-point),39.44000000086089
W1,ID597,In Zone(C2_prevO2 / Nose-point),68.60000000149739
W1,ID597,In Zone(C2_prevO2 / Nose-point),62.56000000136555
W1,ID597,In Zone(C2_prevO2 / Nose-point),3.120000000068103
W1,ID597,In Zone(C2_prevO2 / Nose-point),32.680000000713335
W1,ID597,In Zone(C2_prevO2 / Nose-point),6.360000000138825
W1,ID597,In Zone(C2_prevO2 / Nose-point),50.04000000109227
W1,ID597,In Zone(NeutralZone/ Nose-point),1.760000000038417
W1,ID597,In Zone(NeutralZone/ Nose-point),1.8400000000401633
W1,ID597,In Zone(NeutralZone/ Nose-point),1.2800000000279397
W1,ID597,In Zone(NeutralZone/ Nose-point),1.1200000000244472
W1,ID597,In Zone(NeutralZone/ Nose-point),1.080000000023574
W1,ID597,In Zone(NeutralZone/ Nose-point),2.2400000000488944
W1,ID597,In Zone(NeutralZone/ Nose-point),2.360000000051514
W1,ID597,In Zone(NeutralZone/ Nose-point),2.760000000060245
W1,ID597,In Zone(NeutralZone/ Nose-point),4.480000000097789
W1,ID597,In Zone(NeutralZone/ Nose-point),6.320000000137952
W1,ID597,In Zone(NeutralZone/ Nose-point),5.240000000114378
W1,ID597,In Zone(NeutralZone/ Nose-point),1.9200000000419095
W1,ID597,In Zone(O1_prevC1 / Nose-point),4.440000000096916
W1,ID597,In Zone(O1_prevC1 / Nose-point),2.120000000046275
W1,ID597,In Zone(O2_prevC2 / Nose-point),1.2800000000279397
W1,ID597,In Zone(O2_prevC2 / Nose-point),1.080000000023574
W1,ID597,In Zone(O2_prevC2 / Nose-point),2.080000000045402
W1,ID597,In Zone(O2_prevC2 / Nose-point),14.880000000324799
W1,ID597,Other,2.480000000054133
W1,ID597,Other,1.4400000000314321
W1,ID597,Other,0.5600000000122236
W1,ID597,Other,0.6000000000130967
W1,ID597,Other,0.12000000000261934
W1,ID597,Other,0.6000000000130967
W1,ID463,In Zone(C1_prevO1 / Nose-point),37.1599999999662
W1,ID463,In Zone(C1_prevO1 / Nose-point),52.95999999995183
W1,ID463,In Zone(C1_prevO1 / Nose-point),3.2399999999970532
W1,ID463,In Zone(C1_prevO1 / Nose-point),136.15999999987616
W1,ID463,In Zone(C1_prevO1 / Nose-point),78.23999999992884
W1,ID463,In Zone(C1_prevO1 / Nose-point),100.87999999990825
W1,ID463,In Zone(C2_prevO2 / Nose-point),14.119999999987158
W1,ID463,In Zone(C2_prevO2 / Nose-point),9.879999999991014
W1,ID463,In Zone(C2_prevO2 / Nose-point),28.27999999997428
W1,ID463,In Zone(C2_prevO2 / Nose-point),49.679999999954816
W1,ID463,In Zone(NeutralZone/ Nose-point),1.8799999999982901
W1,ID463,In Zone(NeutralZone/ Nose-point),3.359999999996944
W1,ID463,In Zone(NeutralZone/ Nose-point),3.679999999996653
W1,ID463,In Zone(NeutralZone/ Nose-point),8.199999999992542
W1,ID463,In Zone(NeutralZone/ Nose-point),3.359999999996944
W1,ID463,In Zone(NeutralZone/ Nose-point),8.39999999999236
W1,ID463,In Zone(O1_prevC1 / Nose-point),1.999999999998181
W1,ID463,In Zone(O1_prevC1 / Nose-point),3.7599999999965803
W1,ID463,In Zone(O1_prevC1 / Nose-point),1.999999999998181
W1,ID463,In Zone(O2_prevC2 / Nose-point),5.719999999994798
W1,ID463,In Zone(O2_prevC2 / Nose-point),16.639999999984866
W1,ID463,In Zone(O2_prevC2 / Nose-point),1.1999999999989086
W1,ID463,In Zone(O2_prevC2 / Nose-point),3.6399999999966894
W1,ID463,In Zone(O2_prevC2 / Nose-point),4.079999999996289
W1,ID463,In Zone(O2_prevC2 / Nose-point),14.759999999986576
W1,ID463,Other,1.5999999999985448
W1,ID463,Other,0.6399999999994179
W1,ID463,Other,1.359999999998763
W1,ID463,Other,1.1199999999989814
W1,ID463,Other,0.5599999999994907
W1,ID463,Other,1.3199999999987995
W1,ID459,In Zone(C1_prevO1 / Nose-point),76.87999999993008
W1,ID459,In Zone(C1_prevO1 / Nose-point),115.95999999989453
W1,ID459,In Zone(C1_prevO1 / Nose-point),219.87999999980002
W1,ID459,In Zone(C1_prevO1 / Nose-point),24.119999999978063
W1,ID459,In Zone(C2_prevO2 / Nose-point),19.079999999982647
W1,ID459,In Zone(C2_prevO2 / Nose-point),31.519999999971333
W1,ID459,In Zone(C2_prevO2 / Nose-point),40.07999999996355
W1,ID459,In Zone(NeutralZone/ Nose-point),1.7599999999983993
W1,ID459,In Zone(NeutralZone/ Nose-point),1.0799999999990177
W1,ID459,In Zone(NeutralZone/ Nose-point),3.3999999999969077
W1,ID459,In Zone(NeutralZone/ Nose-point),4.039999999996326
W1,ID459,In Zone(NeutralZone/ Nose-point),1.1199999999989814
W1,ID459,In Zone(NeutralZone/ Nose-point),5.879999999994652
W1,ID459,In Zone(O1_prevC1 / Nose-point),3.559999999996762
W1,ID459,In Zone(O1_prevC1 / Nose-point),1.2799999999988358
W1,ID459,In Zone(O1_prevC1 / Nose-point),15.559999999985848
W1,ID459,In Zone(O1_prevC1 / Nose-point),5.039999999995416
W1,ID459,In Zone(O1_prevC1 / Nose-point),1.159999999998945
W1,ID459,In Zone(O2_prevC2 / Nose-point),6.319999999994252
W1,ID459,In Zone(O2_prevC2 / Nose-point),3.1999999999970896
W1,ID459,In Zone(O2_prevC2 / Nose-point),3.799999999996544
W1,ID459,In Zone(O2_prevC2 / Nose-point),3.039999999997235
W1,ID459,In Zone(O2_prevC2 / Nose-point),3.0799999999971988
W1,ID459,In Zone(O2_prevC2 / Nose-point),3.1199999999971624
W1,ID459,In Zone(O2_prevC2 / Nose-point),3.039999999997235
W1,ID459,Other,0.1999999999998181
W1,ID459,Other,0.9599999999991269
W1,ID459,Other,0.31999999999970896
W1,ID459,Other,0.7999999999992724
W1,ID459,Other,0.5199999999995271
W1,ID459,Other,0.07999999999992724
W1,ID459,Other,0.03999999999996362
W1,ID398,In Zone(C1_prevO1 / Nose-point),155.52000000339467
W1,ID398,In Zone(C1_prevO1 / Nose-point),67.48000000147294
W1,ID398,In Zone(C2_prevO2 / Nose-point),232.16000000506756
W1,ID398,In Zone(C2_prevO2 / Nose-point),8.720000000190339
W1,ID398,In Zone(C2_prevO2 / Nose-point),114.36000000249624
W1,ID398,In Zone(NeutralZone/ Nose-point),1.8800000000410364
W1,ID398,In Zone(NeutralZone/ Nose-point),1.1200000000244472
W1,ID398,In Zone(O1_prevC1 / Nose-point),2.080000000045402
W1,ID398,In Zone(O1_prevC1 / Nose-point),3.200000000069849
W1,ID398,In Zone(O2_prevC2 / Nose-point),10.680000000233122
W1,ID398,Other,2.2000000000480213
W1,ID398,Other,0.4800000000104774
W1,ID400,In Zone(C2_prevO2 / Nose-point),599.8800000130941
W2,ID463,In Zone(C1_prevO1 / Nose-point),79.91999999992731
W2,ID463,In Zone(C1_prevO1 / Nose-point),55.199999999949796
W2,ID463,In Zone(C1_prevO1 / Nose-point),4.63999999999578
W2,ID463,In Zone(C1_prevO1 / Nose-point),224.23999999979605
W2,ID463,In Zone(C1_prevO1 / Nose-point),4.9999999999954525
W2,ID463,In Zone(C1_prevO1 / Nose-point),112.35999999989781
W2,ID463,In Zone(C2_prevO2 / Nose-point),24.359999999977845
W2,ID463,In Zone(C2_prevO2 / Nose-point),11.479999999989559
W2,ID463,In Zone(C2_prevO2 / Nose-point),14.79999999998654
W2,ID463,In Zone(NeutralZone/ Nose-point),5.239999999995234
W2,ID463,In Zone(NeutralZone/ Nose-point),4.879999999995562
W2,ID463,In Zone(NeutralZone/ Nose-point),8.359999999992397
W2,ID463,In Zone(NeutralZone/ Nose-point),3.359999999996944
W2,ID463,In Zone(NeutralZone/ Nose-point),8.119999999992615
W2,ID463,In Zone(NeutralZone/ Nose-point),2.5599999999976717
W2,ID463,In Zone(NeutralZone/ Nose-point),1.0799999999990177
W2,ID463,In Zone(NeutralZone/ Nose-point),5.559999999994943
W2,ID463,In Zone(O1_prevC1 / Nose-point),3.5199999999967986
W2,ID463,In Zone(O1_prevC1 / Nose-point),1.7599999999983993
W2,ID463,In Zone(O1_prevC1 / Nose-point),3.1999999999970896
W2,ID463,In Zone(O2_prevC2 / Nose-point),1.4399999999986903
W2,ID463,In Zone(O2_prevC2 / Nose-point),12.279999999988831
W2,ID463,In Zone(O2_prevC2 / Nose-point),2.719999999997526
W2,ID463,Other,2.839999999997417
W2,ID463,Other,0.47999999999956344
W2,ID463,Other,0.47999999999956344
W2,ID459,In Zone(C1_prevO1 / Nose-point),8.479999999992287
W2,ID459,In Zone(C1_prevO1 / Nose-point),15.91999999998552
W2,ID459,In Zone(C1_prevO1 / Nose-point),37.43999999996595
W2,ID459,In Zone(C1_prevO1 / Nose-point),79.43999999992775
W2,ID459,In Zone(C1_prevO1 / Nose-point),51.879999999952815
W2,ID459,In Zone(C1_prevO1 / Nose-point),38.31999999996515
W2,ID459,In Zone(C1_prevO1 / Nose-point),1.999999999998181
W2,ID459,In Zone(C1_prevO1 / Nose-point),15.599999999985812
W2,ID459,In Zone(C1_prevO1 / Nose-point),23.43999999997868
W2,ID459,In Zone(C2_prevO2 / Nose-point),10.759999999990214
W2,ID459,In Zone(C2_prevO2 / Nose-point),1.2399999999988722
W2,ID459,In Zone(C2_prevO2 / Nose-point),63.31999999994241
W2,ID459,In Zone(C2_prevO2 / Nose-point),13.35999999998785
W2,ID459,In Zone(C2_prevO2 / Nose-point),65.15999999994074
W2,ID459,In Zone(C2_prevO2 / Nose-point),44.1999999999598
W2,ID459,In Zone(C2_prevO2 / Nose-point),27.39999999997508
W2,ID459,In Zone(NeutralZone/ Nose-point),1.2399999999988722
W2,ID459,In Zone(NeutralZone/ Nose-point),1.5199999999986176
W2,ID459,In Zone(NeutralZone/ Nose-point),1.2799999999988358
W2,ID459,In Zone(NeutralZone/ Nose-point),1.3999999999987267
W2,ID459,In Zone(NeutralZone/ Nose-point),3.679999999996653
W2,ID459,In Zone(NeutralZone/ Nose-point),3.5199999999967986
W2,ID459,In Zone(NeutralZone/ Nose-point),1.0799999999990177
W2,ID459,In Zone(NeutralZone/ Nose-point),2.0799999999981083
W2,ID459,In Zone(O1_prevC1 / Nose-point),2.959999999997308
W2,ID459,In Zone(O1_prevC1 / Nose-point),2.9199999999973443
W2,ID459,In Zone(O1_prevC1 / Nose-point),3.159999999997126
W2,ID459,In Zone(O1_prevC1 / Nose-point),2.839999999997417
W2,ID459,In Zone(O1_prevC1 / Nose-point),2.7999999999974534
W2,ID459,In Zone(O2_prevC2 / Nose-point),1.9199999999982538
W2,ID459,In Zone(O2_prevC2 / Nose-point),29.239999999973406
W2,ID459,In Zone(O2_prevC2 / Nose-point),5.399999999995089
W2,ID459,In Zone(O2_prevC2 / Nose-point),2.3599999999978536
W2,ID459,In Zone(O2_prevC2 / Nose-point),4.839999999995598
W2,ID459,In Zone(O2_prevC2 / Nose-point),4.039999999996326
W2,ID459,In Zone(O2_prevC2 / Nose-point),3.479999999996835
W2,ID459,In Zone(O2_prevC2 / Nose-point),13.879999999987376
W2,ID459,Other,0.9999999999990905
W2,ID459,Other,0.5999999999994543
W2,ID459,Other,1.3999999999987267
W2,ID459,Other,0.47999999999956344
W2,ID459,Other,0.07999999999992724
W2,ID459,Other,0.1999999999998181
W2,ID459,Other,0.9999999999990905
W2,ID459,Other,0.4399999999995998
W2,ID459,Other,0.3599999999996726
W2,ID459,Other,0.7599999999993088
W2,ID398,In Zone(C1_prevO1 / Nose-point),20.320000000443542
W2,ID398,In Zone(C1_prevO1 / Nose-point),34.40000000075088
W2,ID398,In Zone(C1_prevO1 / Nose-point),34.84000000076048
W2,ID398,In Zone(C1_prevO1 / Nose-point),28.36000000061904
W2,ID398,In Zone(C1_prevO1 / Nose-point),1.080000000023574
W2,ID398,In Zone(C1_prevO1 / Nose-point),24.680000000538712
W2,ID398,In Zone(C1_prevO1 / Nose-point),23.080000000503787
W2,ID398,In Zone(C2_prevO2 / Nose-point),25.840000000564032
W2,ID398,In Zone(C2_prevO2 / Nose-point),2.3200000000506407
W2,ID398,In Zone(C2_prevO2 / Nose-point),107.64000000234955
W2,ID398,In Zone(C2_prevO2 / Nose-point),78.5600000017148
W2,ID398,In Zone(C2_prevO2 / Nose-point),29.40000000064174
W2,ID398,In Zone(C2_prevO2 / Nose-point),13.760000000300352
W2,ID398,In Zone(C2_prevO2 / Nose-point),23.12000000050466
W2,ID398,In Zone(C2_prevO2 / Nose-point),75.2800000016432
W2,ID398,In Zone(NeutralZone/ Nose-point),1.3200000000288128
W2,ID398,In Zone(NeutralZone/ Nose-point),2.5200000000550062
W2,ID398,In Zone(NeutralZone/ Nose-point),1.1600000000253203
W2,ID398,In Zone(NeutralZone/ Nose-point),3.5600000000777072
W2,ID398,In Zone(NeutralZone/ Nose-point),6.760000000147556
W2,ID398,In Zone(NeutralZone/ Nose-point),2.720000000059372
W2,ID398,In Zone(NeutralZone/ Nose-point),2.2000000000480213
W2,ID398,In Zone(O1_prevC1 / Nose-point),2.160000000047148
W2,ID398,In Zone(O1_prevC1 / Nose-point),1.6400000000357977
W2,ID398,In Zone(O1_prevC1 / Nose-point),3.0400000000663567
W2,ID398,In Zone(O1_prevC1 / Nose-point),1.9600000000427826
W2,ID398,In Zone(O1_prevC1 / Nose-point),3.840000000083819
W2,ID398,In Zone(O1_prevC1 / Nose-point),4.6800000001021544
W2,ID398,In Zone(O2_prevC2 / Nose-point),16.84000000036758
W2,ID398,In Zone(O2_prevC2 / Nose-point),2.040000000044529
W2,ID398,In Zone(O2_prevC2 / Nose-point),2.400000000052387
W2,ID398,In Zone(O2_prevC2 / Nose-point),3.6000000000785803
W2,ID398,In Zone(O2_prevC2 / Nose-point),2.2000000000480213
W2,ID398,In Zone(O2_prevC2 / Nose-point),2.6800000000584987
W2,ID398,In Zone(O2_prevC2 / Nose-point),2.3200000000506407
W2,ID398,In Zone(O2_prevC2 / Nose-point),7.160000000156288
W2,ID398,Other,0.08000000000174623
W2,ID398,Other,0.3200000000069849
W2,ID400,In Zone(C1_prevO1 / Nose-point),40.88000000089232
W2,ID400,In Zone(C1_prevO1 / Nose-point),105.0400000022928
W2,ID400,In Zone(C1_prevO1 / Nose-point),135.00000000294676
W2,ID400,In Zone(C1_prevO1 / Nose-point),157.8400000034453
W2,ID400,In Zone(C2_prevO2 / Nose-point),11.760000000256696
W2,ID400,In Zone(C2_prevO2 / Nose-point),51.72000000112894
W2,ID400,In Zone(C2_prevO2 / Nose-point),22.320000000487198
W2,ID400,In Zone(C2_prevO2 / Nose-point),55.36000000120839
W2,ID400,In Zone(NeutralZone/ Nose-point),1.5200000000331784
W2,ID400,In Zone(O1_prevC1 / Nose-point),2.2000000000480213
W2,ID400,In Zone(O1_prevC1 / Nose-point),1.8800000000410364
W2,ID400,In Zone(O1_prevC1 / Nose-point),2.400000000052387
W2,ID400,In Zone(O1_prevC1 / Nose-point),1.360000000029686
W2,ID400,In Zone(O2_prevC2 / Nose-point),1.360000000029686
W2,ID400,In Zone(O2_prevC2 / Nose-point),3.760000000082073
W2,ID400,In Zone(O2_prevC2 / Nose-point),3.160000000068976
W2,ID400,Other,0.5200000000113505
W2,ID400,Other,1.8000000000392902
W2,ID376,In Zone(C1_prevO1 / Nose-point),9.71999999999116
W2,ID376,In Zone(C1_prevO1 / Nose-point),19.43999999998232
W2,ID376,In Zone(C1_prevO1 / Nose-point),12.559999999988577
W2,ID376,In Zone(C1_prevO1 / Nose-point),11.71999999998934
W2,ID376,In Zone(C1_prevO1 / Nose-point),14.159999999987122
W2,ID376,In Zone(C1_prevO1 / Nose-point),7.759999999992942
W2,ID376,In Zone(C1_prevO1 / Nose-point),7.239999999993415
W2,ID376,In Zone(C1_prevO1 / Nose-point),13.959999999987303
W2,ID376,In Zone(C1_prevO1 / Nose-point),7.759999999992942
W2,ID376,In Zone(C1_prevO1 / Nose-point),20.31999999998152
W2,ID376,In Zone(C1_prevO1 / Nose-point),8.319999999992433
W2,ID376,In Zone(C1_prevO1 / Nose-point),7.999999999992724
W2,ID376,In Zone(C1_prevO1 / Nose-point),41.719999999962056
W2,ID376,In Zone(C1_prevO1 / Nose-point),4.119999999996253
W2,ID376,In Zone(C1_prevO1 / Nose-point),5.959999999994579
W2,ID376,In Zone(C1_prevO1 / Nose-point),8.39999999999236
W2,ID376,In Zone(C1_prevO1 / Nose-point),9.159999999991669
W2,ID376,In Zone(C1_prevO1 / Nose-point),4.9999999999954525
W2,ID376,In Zone(C2_prevO2 / Nose-point),3.7599999999965803
W2,ID376,In Zone(C2_prevO2 / Nose-point),8.039999999992688
W2,ID376,In Zone(C2_prevO2 / Nose-point),4.63999999999578
W2,ID376,In Zone(C2_prevO2 / Nose-point),5.879999999994652
W2,ID376,In Zone(C2_prevO2 / Nose-point),52.07999999995263
W2,ID376,In Zone(C2_prevO2 / Nose-point),17.719999999983884
W2,ID376,In Zone(C2_prevO2 / Nose-point),3.6399999999966894
W2,ID376,In Zone(C2_prevO2 / Nose-point),29.95999999997275
W2,ID376,In Zone(C2_prevO2 / Nose-point),13.199999999987995
W2,ID376,In Zone(C2_prevO2 / Nose-point),6.679999999993925
W2,ID376,In Zone(C2_prevO2 / Nose-point),13.759999999987485
W2,ID376,In Zone(C2_prevO2 / Nose-point),20.799999999981083
W2,ID376,In Zone(C2_prevO2 / Nose-point),10.919999999990068
W2,ID376,In Zone(C2_prevO2 / Nose-point),17.67999999998392
W2,ID376,In Zone(C2_prevO2 / Nose-point),16.35999999998512
W2,ID376,In Zone(C2_prevO2 / Nose-point),11.359999999989668
W2,ID376,In Zone(C2_prevO2 / Nose-point),5.039999999995416
W2,ID376,In Zone(NeutralZone/ Nose-point),6.95999999999367
W2,ID376,In Zone(NeutralZone/ Nose-point),11.239999999989777
W2,ID376,In Zone(NeutralZone/ Nose-point),6.599999999993997
W2,ID376,In Zone(NeutralZone/ Nose-point),1.9199999999982538
W2,ID376,In Zone(NeutralZone/ Nose-point),9.479999999991378
W2,ID376,In Zone(NeutralZone/ Nose-point),1.359999999998763
W2,ID376,In Zone(NeutralZone/ Nose-point),2.2799999999979264
W2,ID376,In Zone(NeutralZone/ Nose-point),2.5999999999976353
W2,ID376,In Zone(NeutralZone/ Nose-point),2.639999999997599
W2,ID376,In Zone(NeutralZone/ Nose-point),1.8399999999983265
W2,ID376,In Zone(O1_prevC1 / Nose-point),1.6399999999985084
W2,ID376,In Zone(O1_prevC1 / Nose-point),3.039999999997235
W2,ID376,In Zone(O1_prevC1 / Nose-point),1.1999999999989086
W2,ID376,In Zone(O1_prevC1 / Nose-point),5.959999999994579
W2,ID376,In Zone(O1_prevC1 / Nose-point),4.839999999995598
W2,ID376,In Zone(O1_prevC1 / Nose-point),1.8399999999983265
W2,ID376,In Zone(O1_prevC1 / Nose-point),3.159999999997126
W2,ID376,In Zone(O1_prevC1 / Nose-point),2.75999999999749
W2,ID376,In Zone(O1_prevC1 / Nose-point),4.279999999996107
W2,ID376,In Zone(O1_prevC1 / Nose-point),1.7599999999983993
W2,ID376,In Zone(O1_round / Nose-point),2.719999999997526
W2,ID376,In Zone(O2_prevC2 / Nose-point),4.959999999995489
W2,ID376,In Zone(O2_prevC2 / Nose-point),5.199999999995271
W2,ID376,In Zone(O2_prevC2 / Nose-point),10.079999999990832
W2,ID376,In Zone(O2_prevC2 / Nose-point),2.6799999999975626
W2,ID376,In Zone(O2_prevC2 / Nose-point),3.9599999999963984
W2,ID376,In Zone(O2_prevC2 / Nose-point),2.8799999999973807
W2,ID376,In Zone(O2_prevC2 / Nose-point),1.999999999998181
W2,ID376,In Zone(O2_prevC2 / Nose-point),2.7999999999974534
W2,ID376,In Zone(O2_prevC2 / Nose-point),2.31999999999789
W2,ID376,In Zone(O2_prevC2 / Nose-point),2.1599999999980355
W2,ID376,In Zone(O2_prevC2 / Nose-point),1.999999999998181
W2,ID376,In Zone(O2_prevC2 / Nose-point),2.0799999999981083
W2,ID376,In Zone(O2_prevC2 / Nose-point),2.7999999999974534
W2,ID376,In Zone(O2_prevC2 / Nose-point),4.399999999995998
W2,ID376,In Zone(O2_prevC2 / Nose-point),4.599999999995816
W2,ID376,Other,1.479999999998654
W2,ID376,Other,0.47999999999956344
W2,ID376,Other,0.9199999999991633
W2,ID376,Other,1.1199999999989814
W2,ID376,Other,0.31999999999970896
W2,ID376,Other,0.839999999999236
W2,ID376,Other,0.6399999999994179
W2,ID376,Other,0.5199999999995271
W2,ID376,Other,0.5599999999994907
W2,ID376,Other,0.6399999999994179
W2,ID376,Other,0.31999999999970896
W2,ID376,Other,0.1999999999998181
W2,ID372,In Zone(C1_prevO1 / Nose-point),0.9999999999990905
W2,ID372,In Zone(C1_prevO1 / Nose-point),53.79999999995107
W2,ID372,In Zone(C1_prevO1 / Nose-point),8.159999999992579
W2,ID372,In Zone(C1_prevO1 / Nose-point),87.31999999992058
W2,ID372,In Zone(C1_prevO1 / Nose-point),5.999999999994543
W2,ID372,In Zone(C1_prevO1 / Nose-point),50.95999999995365
W2,ID372,In Zone(C1_prevO1 / Nose-point),6.759999999993852
W2,ID372,In Zone(C1_prevO1 / Nose-point),6.639999999993961
W2,ID372,In Zone(C1_prevO1 / Nose-point),2.9199999999973443
W2,ID372,In Zone(C1_prevO1 / Nose-point),258.7999999997646
W2,ID372,In Zone(C2_prevO2 / Nose-point),17.55999999998403
W2,ID372,In Zone(C2_prevO2 / Nose-point),2.31999999999789
W2,ID372,In Zone(C2_prevO2 / Nose-point),20.31999999998152
W2,ID372,In Zone(C2_prevO2 / Nose-point),23.719999999978427
W2,ID372,In Zone(NeutralZone/ Nose-point),2.5999999999976353
W2,ID372,In Zone(NeutralZone/ Nose-point),3.1999999999970896
W2,ID372,In Zone(NeutralZone/ Nose-point),2.5999999999976353
W2,ID372,In Zone(NeutralZone/ Nose-point),1.1199999999989814
W2,ID372,In Zone(NeutralZone/ Nose-point),3.999999999996362
W2,ID372,In Zone(NeutralZone/ Nose-point),5.3199999999951615
W2,ID372,In Zone(NeutralZone/ Nose-point),3.6399999999966894
W2,ID372,In Zone(NeutralZone/ Nose-point),1.679999999998472
W2,ID372,In Zone(O1_prevC1 / Nose-point),3.279999999997017
W2,ID372,In Zone(O1_prevC1 / Nose-point),7.759999999992942
W2,ID372,In Zone(O1_prevC1 / Nose-point),2.119999999998072
W2,ID372,In Zone(O1_prevC1 / Nose-point),1.7199999999984357
W2,ID372,In Zone(O2_prevC2 / Nose-point),4.119999999996253
W2,ID372,In Zone(O2_prevC2 / Nose-point),3.599999999996726
W2,ID372,In Zone(O2_prevC2 / Nose-point),2.9199999999973443
W2,ID372,Other,0.9599999999991269
W2,ID372,Other,0.3999999999996362
W2,ID372,Other,0.5199999999995271
W2,ID372,Other,1.799999999998363
W2,ID372,Other,0.23999999999978172
W2,ID374,In Zone(C1_prevO1 / Nose-point),23.399999999978718
W2,ID374,In Zone(C1_prevO1 / Nose-point),7.95999999999276
W2,ID374,In Zone(C2_prevO2 / Nose-point),140.23999999987245
W2,ID374,In Zone(C2_prevO2 / Nose-point),414.1999999996233
W2,ID374,In Zone(NeutralZone/ Nose-point),2.519999999997708
W2,ID374,In Zone(NeutralZone/ Nose-point),2.519999999997708
W2,ID374,In Zone(O1_prevC1 / Nose-point),5.07999999999538
W2,ID374,In Zone(O1_prevC1 / Nose-point),2.199999999997999
W2,ID374,In Zone(O2_prevC2 / Nose-point),1.799999999998363
W2,ID429,In Zone(C1_prevO1 / Nose-point),17.520000000382424
W2,ID429,In Zone(C1_prevO1 / Nose-point),23.12000000050466
W2,ID429,In Zone(C1_prevO1 / Nose-point),15.960000000348373
W2,ID429,In Zone(C1_prevO1 / Nose-point),93.92000000205007
W2,ID429,In Zone(C1_prevO1 / Nose-point),6.840000000149303
W2,ID429,In Zone(C1_prevO1 / Nose-point),10.000000000218279
W2,ID429,In Zone(C1_prevO1 / Nose-point),28.800000000628643
W2,ID429,In Zone(C1_prevO1 / Nose-point),176.48000000385218
W2,ID429,In Zone(C1_prevO1 / Nose-point),11.68000000025495
W2,ID429,In Zone(C2_prevO2 / Nose-point),27.36000000059721
W2,ID429,In Zone(C2_prevO2 / Nose-point),51.4800000011237
W2,ID429,In Zone(C2_prevO2 / Nose-point),9.840000000214786
W2,ID429,In Zone(C2_prevO2 / Nose-point),18.200000000397267
W2,ID429,In Zone(C2_prevO2 / Nose-point),4.400000000096043
W2,ID429,In Zone(C2_prevO2 / Nose-point),37.60000000082073
W2,ID429,In Zone(C2_prevO2 / Nose-point),17.20000000037544
W2,ID429,In Zone(NeutralZone/ Nose-point),2.080000000045402
W2,ID429,In Zone(NeutralZone/ Nose-point),1.400000000030559
W2,ID429,In Zone(NeutralZone/ Nose-point),1.2400000000270666
W2,ID429,In Zone(NeutralZone/ Nose-point),1.040000000022701
W2,ID429,In Zone(NeutralZone/ Nose-point),1.2000000000261934
W2,ID429,In Zone(NeutralZone/ Nose-point),1.2000000000261934
W2,ID429,In Zone(NeutralZone/ Nose-point),5.120000000111759
W2,ID429,In Zone(O1_prevC1 / Nose-point),3.440000000075088
W2,ID429,In Zone(O1_prevC1 / Nose-point),3.120000000068103
W2,ID429,In Zone(O1_prevC1 / Nose-point),2.8800000000628643
W2,ID429,In Zone(O1_prevC1 / Nose-point),1.040000000022701
W2,ID429,In Zone(O1_prevC1 / Nose-point),1.400000000030559
W2,ID429,In Zone(O1_prevC1 / Nose-point),5.000000000109139
W2,ID429,In Zone(O1_prevC1 / Nose-point),3.880000000084692
W2,ID429,In Zone(O1_round / Nose-point),3.120000000068103
W2,ID429,In Zone(O2_prevC2 / Nose-point),1.1600000000253203
W2,ID429,In Zone(O2_prevC2 / Nose-point),1.2800000000279397
W2,ID429,In Zone(O2_prevC2 / Nose-point),1.1200000000244472
W2,ID429,In Zone(O2_prevC2 / Nose-point),3.2400000000707223
W2,ID429,In Zone(O2_prevC2 / Nose-point),1.8000000000392902
W2,ID429,Other,0.6400000000139698
W2,ID429,Other,0.40000000000873115
W2,ID429,Other,0.680000000014843
W2,ID429,Other,0.9600000000209548
W2,ID429,Other,0.5600000000122236
W2,ID429,Other,0.4800000000104774
W2,ID423,In Zone(C1_prevO1 / Nose-point),3.0000000000654836
W2,ID423,In Zone(C1_prevO1 / Nose-point),27.48000000059983
W2,ID423,In Zone(C1_prevO1 / Nose-point),16.44000000035885
W2,ID423,In Zone(C1_prevO1 / Nose-point),31.280000000682776
W2,ID423,In Zone(C1_prevO1 / Nose-point),33.52000000073167
W2,ID423,In Zone(C1_prevO1 / Nose-point),13.840000000302098
W2,ID423,In Zone(C1_prevO1 / Nose-point),14.480000000316068
W2,ID423,In Zone(C1_prevO1 / Nose-point),6.520000000142318
W2,ID423,In Zone(C1_prevO1 / Nose-point),57.24000000124943
W2,ID423,In Zone(C1_prevO1 / Nose-point),9.24000000020169
W2,ID423,In Zone(C2_prevO2 / Nose-point),4.3600000000951695
W2,ID423,In Zone(C2_prevO2 / Nose-point),98.08000000214088
W2,ID423,In Zone(C2_prevO2 / Nose-point),16.240000000354485
W2,ID423,In Zone(C2_prevO2 / Nose-point),98.52000000215048
W2,ID423,In Zone(C2_prevO2 / Nose-point),29.1600000006365
W2,ID423,In Zone(C2_prevO2 / Nose-point),47.52000000103726
W2,ID423,In Zone(C2_prevO2 / Nose-point),2.44000000005326
W2,ID423,In Zone(C2_prevO2 / Nose-point),27.040000000590226
W2,ID423,In Zone(C2_prevO2 / Nose-point),16.240000000354485
W2,ID423,In Zone(C2_prevO2 / Nose-point),16.44000000035885
W2,ID423,In Zone(NeutralZone/ Nose-point),1.080000000023574
W2,ID423,In Zone(NeutralZone/ Nose-point),1.080000000023574
W2,ID423,In Zone(O1_prevC1 / Nose-point),2.9600000000646105
W2,ID423,In Zone(O1_prevC1 / Nose-point),4.320000000094296
W2,ID423,In Zone(O2_prevC2 / Nose-point),6.8000000001484295
W2,ID423,In Zone(O2_prevC2 / Nose-point),1.8800000000410364
W2,ID423,In Zone(O2_prevC2 / Nose-point),1.6400000000357977
W2,ID423,In Zone(O2_prevC2 / Nose-point),3.120000000068103
W2,ID423,In Zone(O2_prevC2 / Nose-point),5.280000000115251
W2,ID423,Other,0.680000000014843
W2,ID423,Other,0.680000000014843
W2,ID423,Other,0.20000000000436557
W2,ID423,Other,0.4800000000104774
W2,ID423,Other,0.20000000000436557
W2,ID423,Other,0.44000000000960426
W2,ID584,In Zone(C1_prevO1 / Nose-point),34.519999999968604
W2,ID584,In Zone(C1_prevO1 / Nose-point),4.319999999996071
W2,ID584,In Zone(C1_prevO1 / Nose-point),2.0399999999981446
W2,ID584,In Zone(C1_prevO1 / Nose-point),153.63999999986027
W2,ID584,In Zone(C1_prevO1 / Nose-point),16.879999999984648
W2,ID584,In Zone(C1_prevO1 / Nose-point),4.039999999996326
W2,ID584,In Zone(C2_prevO2 / Nose-point),15.91999999998552
W2,ID584,In Zone(C2_prevO2 / Nose-point),3.3999999999969077
W2,ID584,In Zone(C2_prevO2 / Nose-point),180.03999999983625
W2,ID584,In Zone(C2_prevO2 / Nose-point),76.03999999993084
W2,ID584,In Zone(NeutralZone/ Nose-point),2.2799999999979264
W2,ID584,In Zone(NeutralZone/ Nose-point),65.43999999994048
W2,ID584,In Zone(NeutralZone/ Nose-point),3.799999999996544
W2,ID584,In Zone(NeutralZone/ Nose-point),3.1199999999971624
W2,ID584,In Zone(O2_prevC2 / Nose-point),2.0799999999981083
W2,ID584,In Zone(O2_prevC2 / Nose-point),3.999999999996362
W2,ID584,In Zone(O2_prevC2 / Nose-point),2.959999999997308
W2,ID584,In Zone(O2_prevC2 / Nose-point),19.359999999982392
W2,ID584,In Zone(O2_round / Nose-point),3.8399999999965075
W2,ID584,Other,0.4399999999995998
W2,ID584,Other,0.7599999999993088
W2,ID584,Other,0.8799999999991996
W2,ID584,Other,0.07999999999992724
W2,ID597,In Zone(C1_prevO1 / Nose-point),12.680000000276777
W2,ID597,In Zone(C1_prevO1 / Nose-point),29.68000000064785
W2,ID597,In Zone(C1_prevO1 / Nose-point),53.20000000116124
W2,ID597,In Zone(C1_prevO1 / Nose-point),72.92000000159169
W2,ID597,In Zone(C1_prevO1 / Nose-point),4.120000000089931
W2,ID597,In Zone(C1_prevO1 / Nose-point),42.040000000917644
W2,ID597,In Zone(C1_prevO1 / Nose-point),61.24000000133674
W2,ID597,In Zone(C1_prevO1 / Nose-point),44.0400000009613
W2,ID597,In Zone(C1_prevO1 / Nose-point),68.80000000150176
W2,ID597,In Zone(C2_prevO2 / Nose-point),22.800000000497676
W2,ID597,In Zone(C2_prevO2 / Nose-point),19.320000000421715
W2,ID597,In Zone(C2_prevO2 / Nose-point),2.6000000000567525
W2,ID597,In Zone(C2_prevO2 / Nose-point),3.760000000082073
W2,ID597,In Zone(C2_prevO2 / Nose-point),3.0000000000654836
W2,ID597,In Zone(C2_prevO2 / Nose-point),42.4000000009255
W2,ID597,In Zone(C2_prevO2 / Nose-point),3.480000000075961
W2,ID597,In Zone(C2_prevO2 / Nose-point),43.16000000094209
W2,ID597,In Zone(C2_prevO2 / Nose-point),7.800000000170257
W2,ID597,In Zone(NeutralZone/ Nose-point),1.040000000022701
W2,ID597,In Zone(NeutralZone/ Nose-point),2.2800000000497676
W2,ID597,In Zone(NeutralZone/ Nose-point),6.840000000149303
W2,ID597,In Zone(NeutralZone/ Nose-point),2.360000000051514
W2,ID597,In Zone(NeutralZone/ Nose-point),1.0000000000218279
W2,ID597,In Zone(NeutralZone/ Nose-point),2.080000000045402
W2,ID597,In Zone(NeutralZone/ Nose-point),2.0000000000436557
W2,ID597,In Zone(NeutralZone/ Nose-point),2.840000000061991
W2,ID597,In Zone(NeutralZone/ Nose-point),2.6000000000567525
W2,ID597,In Zone(NeutralZone/ Nose-point),4.400000000096043
W2,ID597,In Zone(O1_prevC1 / Nose-point),2.040000000044529
W2,ID597,In Zone(O1_prevC1 / Nose-point),2.120000000046275
W2,ID597,In Zone(O1_prevC1 / Nose-point),2.2400000000488944
W2,ID597,In Zone(O1_prevC1 / Nose-point),1.4400000000314321
W2,ID597,In Zone(O1_round / Nose-point),2.080000000045402
W2,ID597,In Zone(O2_prevC2 / Nose-point),5.480000000119617
W2,ID597,In Zone(O2_prevC2 / Nose-point),2.44000000005326
W2,ID597,In Zone(O2_prevC2 / Nose-point),2.8800000000628643
W2,ID597,In Zone(O2_prevC2 / Nose-point),5.120000000111759
W2,ID597,In Zone(O2_prevC2 / Nose-point),2.480000000054133
W2,ID597,In Zone(O2_prevC2 / Nose-point),3.2400000000707223
W2,ID597,In Zone(O2_prevC2 / Nose-point),2.080000000045402
W2,ID597,In Zone(O2_round / Nose-point),1.040000000022701
W2,ID597,Other,0.08000000000174623
W2,ID597,Other,0.16000000000349246
W2,ID597,Other,0.4800000000104774
W2,ID450,In Zone(C1_prevO1 / Nose-point),17.120000000373693
W2,ID450,In Zone(C1_prevO1 / Nose-point),11.280000000246218
W2,ID450,In Zone(C1_prevO1 / Nose-point),9.200000000200816
W2,ID450,In Zone(C1_prevO1 / Nose-point),17.680000000385917
W2,ID450,In Zone(C1_prevO1 / Nose-point),21.640000000472355
W2,ID450,In Zone(C1_prevO1 / Nose-point),20.92000000045664
W2,ID450,In Zone(C1_prevO1 / Nose-point),15.320000000334403
W2,ID450,In Zone(C1_prevO1 / Nose-point),30.920000000674918
W2,ID450,In Zone(C1_prevO1 / Nose-point),32.72000000071421
W2,ID450,In Zone(C1_prevO1 / Nose-point),26.20000000057189
W2,ID450,In Zone(C1_prevO1 / Nose-point),22.680000000495056
W2,ID450,In Zone(C1_prevO1 / Nose-point),33.28000000072643
W2,ID450,In Zone(C1_prevO1 / Nose-point),6.120000000133587
W2,ID450,In Zone(C2_prevO2 / Nose-point),16.32000000035623
W2,ID450,In Zone(C2_prevO2 / Nose-point),4.840000000105647
W2,ID450,In Zone(C2_prevO2 / Nose-point),3.9200000000855653
W2,ID450,In Zone(C2_prevO2 / Nose-point),29.40000000064174
W2,ID450,In Zone(C2_prevO2 / Nose-point),15.720000000343134
W2,ID450,In Zone(C2_prevO2 / Nose-point),18.720000000408618
W2,ID450,In Zone(C2_prevO2 / Nose-point),18.320000000399887
W2,ID450,In Zone(C2_prevO2 / Nose-point),19.720000000430446
W2,ID450,In Zone(C2_prevO2 / Nose-point),27.000000000589353
W2,ID450,In Zone(C2_prevO2 / Nose-point),27.640000000603322
W2,ID450,In Zone(C2_prevO2 / Nose-point),25.760000000562286
W2,ID450,In Zone(C2_prevO2 / Nose-point),20.200000000440923
W2,ID450,In Zone(C2_prevO2 / Nose-point),3.7200000000811997
W2,ID450,In Zone(NeutralZone/ Nose-point),1.040000000022701
W2,ID450,In Zone(NeutralZone/ Nose-point),1.6000000000349246
W2,ID450,In Zone(NeutralZone/ Nose-point),1.9600000000427826
W2,ID450,In Zone(O1_prevC1 / Nose-point),3.6800000000803266
W2,ID450,In Zone(O1_prevC1 / Nose-point),2.3200000000506407
W2,ID450,In Zone(O1_prevC1 / Nose-point),1.5600000000340515
W2,ID450,In Zone(O1_prevC1 / Nose-point),2.2800000000497676
W2,ID450,In Zone(O1_prevC1 / Nose-point),2.2800000000497676
W2,ID450,In Zone(O1_prevC1 / Nose-point),1.080000000023574
W2,ID450,In Zone(O1_prevC1 / Nose-point),2.8800000000628643
W2,ID450,In Zone(O1_prevC1 / Nose-point),2.720000000059372
W2,ID450,In Zone(O1_prevC1 / Nose-point),4.760000000103901
W2,ID450,In Zone(O2_prevC2 / Nose-point),3.520000000076834
W2,ID450,In Zone(O2_prevC2 / Nose-point),6.04000000013184
W2,ID450,In Zone(O2_prevC2 / Nose-point),5.880000000128348
W2,ID450,In Zone(O2_prevC2 / Nose-point),14.00000000030559
W2,ID450,In Zone(O2_prevC2 / Nose-point),2.2000000000480213
W2,ID450,In Zone(O2_prevC2 / Nose-point),8.040000000175496
W2,ID450,In Zone(O2_prevC2 / Nose-point),2.040000000044529
W2,ID450,In Zone(O2_prevC2 / Nose-point),13.000000000283762
W2,ID450,In Zone(O2_prevC2 / Nose-point),4.080000000089058
W2,ID450,In Zone(O2_prevC2 / Nose-point),2.5600000000558794
W2,ID450,In Zone(O2_prevC2 / Nose-point),1.9200000000419095
W2,ID450,In Zone(O2_prevC2 / Nose-point),9.600000000209548
W2,ID450,Other,0.4800000000104774
W2,ID450,Other,0.08000000000174623
W2,ID450,Other,0.08000000000174623
W2,ID450,Other,0.08000000000174623
W2,ID450,Other,1.400000000030559
W2,ID450,Other,0.16000000000349246
W2,ID450,Other,0.20000000000436557
