FrameCounter,SystemTimestamp,LedState,ComputerTimestamp,G0
0,8569.643552,7,65429745.4464,0.00392156862745098
1,8569.66352,2,65429765.3504,0.0404511647919356
2,8569.68352,1,65429785.3184,0.0299772573606245
3,8569.70352,2,65429805.3248,0.0403220849468314
4,8569.72352,1,65429825.3568,0.0299690618149036
5,8569.74352,2,65429845.4272,0.0382352941176471
6,8569.76352,1,65429865.344,0.0299065707787817
7,8569.78352,2,65429885.312,0.0401438318274018
8,8569.80352,1,65429905.3568,0.0298369086401541
9,8569.82352,2,65429925.3248,0.0400393386194603
10,8569.84352,1,65429945.344,0.0298778863687586
11,8569.86352,2,65429965.3632,0.039954309832606
12,8569.88352,1,65429985.3952,0.0297508554100846
13,8569.90352,2,65430005.44,0.0397750322699613
14,8569.92352,1,65430025.3824,0.0298666174933923
15,8569.94352,2,65430045.376,0.039726883438851
16,8569.96352,1,65430065.3696,0.0297938820251193
17,8569.98352,2,65430085.4144,0.0397145901202696
18,8570.00352,1,65430105.3312,0.0297672465015264
19,8570.02352,2,65430125.5936,0.0398580121703854
20,8570.04352,1,65430145.3952,0.0297549531829451
21,8570.06352,2,65430165.44,0.0399932386747803
22,8570.08352,1,65430185.4208,0.0297190976704161
23,8570.10352,2,65430205.3888,0.0400967074395066
24,8570.12352,1,65430225.4464,0.0296473866453582
25,8570.14352,2,65430245.4016,0.0401807117831459
26,8570.16352,1,65430265.3824,0.0296228000081955
27,8570.18352,2,65430285.4016,0.0400833896777102
28,8570.20352,1,65430305.4208,0.0296289466674862
29,8570.22352,2,65430325.5552,0.0399983608908558
30,8570.24352,1,65430345.3952,0.0296125555760444
31,8570.26352,2,65430365.3632,0.0395680947405085
32,8570.28352,1,65430385.3696,0.0295408445509865
33,8570.30352,2,65430405.3888,0.0397135656770545
34,8570.32352,1,65430425.4208,0.0295920667117422
35,8570.34352,2,65430445.3888,0.0395291658983343
36,8570.36352,1,65430465.4208,0.0296248488946258
37,8570.38352,2,65430485.4144,0.0394287704632532
38,8570.40352,1,65430505.4592,0.0296166533489049
39,8570.42352,2,65430525.4784,0.039281250640277
40,8570.44352,1,65430545.408,0.029563382301719
41,8570.46352,2,65430565.4784,0.0391286086012252
42,8570.48352,1,65430585.4464,0.0295459667670621
43,8570.50352,2,65430605.4528,0.0389687954596677
44,8570.52352,1,65430625.472,0.0295613334152888
45,8570.54352,2,65430645.4656,0.0388847911160284
46,8570.56352,1,65430665.4208,0.0295029401520274
47,8570.58352,2,65430685.4272,0.0388223000799066
48,8570.60352,1,65430705.4208,0.0294824512877251
49,8570.62352,2,65430725.4144,0.0387854201241625
50,8570.64352,1,65430745.472,0.0295705534042248
51,8570.66352,2,65430765.4272,0.0386542913926281
52,8570.68352,1,65430785.4208,0.0295664556313644
53,8570.70352,2,65430805.4272,0.0386194603233143
54,8570.72352,1,65430825.4464,0.0294547913209171
55,8570.74352,2,65430845.4912,0.0386932202348024
56,8570.76352,1,65430865.4976,0.0294855246173705
57,8570.78352,2,65430885.44,0.038753662384494
58,8570.80352,1,65430905.4464,0.0295029401520274
59,8570.82352,2,65430925.4912,0.038880693343168
60,8570.84352,1,65430945.4336,0.0294568402073473
61,8570.86352,2,65430965.4656,0.0390220665068535
62,8570.88352,1,65430985.4976,0.0295193312434692
63,8570.90352,2,65431005.4528,0.0389646976868072
64,8570.92352,1,65431025.4976,0.0294752801852193
65,8570.94352,2,65431045.4528,0.0389196221853423
66,8570.96352,1,65431065.472,0.0295101112545332
67,8570.98352,2,65431085.4656,0.0388571311492204
68,8571.00352,1,65431105.4208,0.029444546888766
69,8571.02352,2,65431125.5168,0.0388550822627902
70,8571.04352,1,65431145.4848,0.0294343024566148
71,8571.06352,2,65431165.5296,0.0388489356034995
72,8571.08352,1,65431185.5104,0.0294855246173705
73,8571.10352,2,65431205.4784,0.0387321490769767
74,8571.12352,1,65431225.472,0.0294947446063065
75,8571.14352,2,65431245.5168,0.0385631159464831
76,8571.16352,1,65431265.4848,0.0295131845841785
77,8571.18352,2,65431285.4528,0.0385231626610937
78,8571.20352,1,65431305.536,0.0294824512877251
79,8571.22352,2,65431325.4912,0.0385241871043088
80,8571.24352,1,65431345.4976,0.0293841047390743
81,8571.26352,2,65431365.504,0.0385108693425123
82,8571.28352,1,65431385.4848,0.02948142684451
83,8571.30352,2,65431405.5296,0.0385139426721577
84,8571.32352,1,65431425.5104,0.0294937201630914
85,8571.34352,2,65431445.504,0.0385549204007622
86,8571.36352,1,65431465.4976,0.0294701579691438
87,8571.38352,2,65431485.5168,0.0385579937304075
88,8571.40352,1,65431505.5744,0.0295008912655971
89,8571.42352,2,65431525.5296,0.0386194603233143
90,8571.44352,1,65431545.5104,0.0294609379802078
91,8571.46352,2,65431565.696,0.0385129182289426
92,8571.48352,1,65431585.5616,0.0295295756756203
93,8571.50352,2,65431605.5552,0.0387085868830291
94,8571.52352,1,65431625.6,0.0295234290163296
95,8571.54352,2,65431645.568,0.0386286803122503
96,8571.56352,1,65431665.4848,0.0294988423791669
97,8571.58352,2,65431685.5936,0.0386686335976397
98,8571.60352,1,65431705.5232,0.0294527424344869
99,8571.62352,2,65431725.5424,0.0385600426168378
100,8571.64352,1,65431745.5616,0.0294947446063065
101,8571.66352,2,65431765.5552,0.0385416026389657
102,8571.68352,1,65431785.6,0.0294845001741553
103,8571.70352,2,65431805.5936,0.0386112647775934
104,8571.72352,1,65431825.5616,0.0295080623681029
105,8571.74352,2,65431845.6576,0.0385672137193435
106,8571.76352,1,65431865.6256,0.0294763046284344
107,8571.78352,2,65431885.5296,0.0385272604339542
108,8571.80352,1,65431905.5872,0.029490646833446
109,8571.82352,2,65431925.5936,0.0384924293646403
110,8571.84352,1,65431945.5744,0.0294599135369926
111,8571.86352,2,65431965.6192,0.0385457004118262
112,8571.88352,1,65431985.6128,0.0295131845841785
113,8571.90352,2,65432005.568,0.0385375048661053
114,8571.92352,1,65432025.6512,0.0295162579138238
115,8571.94352,2,65432045.5936,0.0387372712930522
116,8571.96352,1,65432065.6256,0.0294465957751962
117,8571.98352,2,65432085.568,0.0386768291433606
118,8572.00352,1,65432105.5616,0.029427131354109
119,8572.02352,2,65432125.5808,0.0387229290880406
120,8572.04352,1,65432145.6512,0.0294353268998299
121,8572.06352,2,65432165.5808,0.0388274222959821
122,8572.08352,1,65432185.6,0.0294732312987891
123,8572.10352,2,65432205.6192,0.0387874690105927
124,8572.12352,1,65432225.7024,0.0294168869219579
125,8572.14352,2,65432245.632,0.0387126846558895
126,8572.16352,1,65432265.5872,0.0295193312434692
127,8572.18352,2,65432285.6064,0.0387055135533837
128,8572.20352,1,65432305.6384,0.0294804024012949
129,8572.22352,2,65432325.6192,0.0386389247444014
130,8572.24352,1,65432345.6768,0.0294199602516033
131,8572.26352,2,65432365.5936,0.0386020447886574
132,8572.28352,1,65432385.6128,0.0294804024012949
133,8572.30352,2,65432405.6192,0.0384934538078554
134,8572.32352,1,65432425.6512,0.0294763046284344
135,8572.34352,2,65432445.7472,0.0384586227385416
136,8572.36352,1,65432465.6512,0.0295469912102772
137,8572.38352,2,65432485.6704,0.0383899850431291
138,8572.40352,1,65432505.7024,0.0295060134816727
139,8572.42352,2,65432525.7344,0.038325445120577
140,8572.44352,1,65432545.6256,0.0294619624234229
141,8572.46352,2,65432565.6832,0.0384606716249718
142,8572.48352,1,65432585.6256,0.0294578646505624
143,8572.50352,2,65432605.6064,0.0383930583727744
144,8572.52352,1,65432625.6896,0.0295336734484808
145,8572.54352,2,65432645.6576,0.038425840555658
146,8572.56352,1,65432665.6256,0.0294404491159055
147,8572.58352,2,65432685.6576,0.0383428606552339
148,8572.60352,1,65432705.6768,0.0295008912655971
149,8572.62352,2,65432725.6448,0.0382834429487574
150,8572.64352,1,65432745.6384,0.0294609379802078
151,8572.66352,2,65432765.6576,0.0382383674472924
152,8572.68352,1,65432785.6384,0.029509086811318
153,8572.70352,2,65432805.6576,0.0382045608211937
154,8572.72352,1,65432825.664,0.0294465957751962
155,8572.74352,2,65432845.7088,0.0382219763558506
156,8572.76352,1,65432865.6768,0.0294793779580798
157,8572.78352,2,65432885.6576,0.0382465629930133
158,8572.80352,1,65432905.7536,0.0294066424898068
159,8572.82352,2,65432925.76,0.038316225131641
160,8572.84352,1,65432945.6896,0.0294045936033766
161,8572.86352,2,65432965.6576,0.0382486118794435
162,8572.88352,1,65432985.7024,0.0294793779580798
163,8572.90352,2,65433005.76,0.0382035363779786
164,8572.92352,1,65433025.7792,0.0295213801298994
165,8572.94352,2,65433045.6832,0.0380652365439384
166,8572.96352,1,65433065.664,0.0294783535148647
167,8572.98352,2,65433085.7216,0.0380396254635606
168,8573.00352,1,65433105.664,0.0294619624234229
169,8573.02352,2,65433125.9008,0.0381779252976008
170,8573.04352,1,65433145.7152,0.0294783535148647
171,8573.06352,2,65433165.696,0.0382752474030365
172,8573.08352,1,65433185.728,0.0294506935480566
173,8573.10352,2,65433205.696,0.0382609051980249
174,8573.12352,1,65433225.8304,0.0294066424898068
175,8573.14352,2,65433245.7216,0.0381287520232753
176,8573.16352,1,65433265.7536,0.0294896223902309
177,8573.18352,2,65433285.76,0.03812567869363
178,8573.20352,1,65433305.7408,0.0294025447169463
179,8573.22352,2,65433325.7472,0.0382291474583564
180,8573.24352,1,65433345.7408,0.0294568402073473
181,8573.26352,2,65433365.7728,0.0382014874915483
182,8573.28352,1,65433385.7152,0.0294804024012949
183,8573.30352,2,65433405.7856,0.0382865162784027
